applicantId,name,dateOfBirth,contactEmail
APP001,Meera Farouk,1990-02-20,meera.farouk1@example.com
APP002,Lucas Novak,1974-05-16,lucas.novak2@example.com
APP003,Karim Rossi,1996-07-01,karim.rossi3@example.com
APP004,Miguel Lindqvist,1961-11-17,miguel.lindqvist4@example.com
APP005,Emma Sharma,1974-08-18,emma.sharma5@example.com
APP006,Emma Haddad,1997-08-11,emma.haddad6@example.com
APP007,Thomas Sharma,1969-06-27,thomas.sharma7@example.com
APP008,Fatima Chen,1974-06-27,fatima.chen8@example.com
APP009,Aisha Lindqvist,1997-08-18,aisha.lindqvist9@example.com
APP010,Layla Sharma,1977-12-02,layla.sharma10@example.com
APP011,Sanjay Sharma,1971-01-15,sanjay.sharma11@example.com
APP012,Isabella Farouk,1994-12-19,isabella.farouk12@example.com
APP013,Liam Costa,1964-02-23,liam.costa13@example.com
APP014,Thomas Farouk,1966-04-03,thomas.farouk14@example.com
APP015,Nadia Mehta,1991-11-14,nadia.mehta15@example.com
APP016,Sanjay Nair,2003-09-30,sanjay.nair16@example.com
APP017,Hana Farouk,1996-09-02,hana.farouk17@example.com
APP018,Nadia Haddad,1969-12-21,nadia.haddad18@example.com
APP019,Omar Silva,1990-08-10,omar.silva19@example.com
APP020,Priya Al-Sayed,1979-04-15,priya.alsayed20@example.com
APP021,Liam Rossi,1996-10-31,liam.rossi21@example.com
APP022,Meera Novak,1997-07-12,meera.novak22@example.com
APP023,Chloe Zhang,1986-05-09,chloe.zhang23@example.com
APP024,Liam Costa,1998-02-11,liam.costa24@example.com
APP025,Ethan Sharma,1976-08-08,ethan.sharma25@example.com
APP026,Karim Weber,1976-05-22,karim.weber26@example.com
APP027,Aisha Lindqvist,1972-07-27,aisha.lindqvist27@example.com
APP028,Grace Johansson,1962-05-04,grace.johansson28@example.com
APP029,Karim O'Brien,2000-07-09,karim.obrien29@example.com
APP030,Ethan Silva,1985-07-28,ethan.silva30@example.com
APP031,Fatima Sharma,1992-06-29,fatima.sharma31@example.com
APP032,Emma Zhang,1995-04-08,emma.zhang32@example.com
APP033,Chloe Silva,1977-02-12,chloe.silva33@example.com
APP034,Arjun Fischer,1975-03-04,arjun.fischer34@example.com
APP035,Chloe Silva,1977-10-23,chloe.silva35@example.com
APP036,Ravi Kobayashi,1970-04-24,ravi.kobayashi36@example.com
APP037,Meera Farouk,2001-01-14,meera.farouk37@example.com
APP038,Grace Weber,1958-11-30,grace.weber38@example.com
APP039,Fatima Weber,1992-11-29,fatima.weber39@example.com
APP040,Wei Iyer,1968-05-20,wei.iyer40@example.com
APP041,James Iyer,1958-05-22,james.iyer41@example.com
APP042,Hana Zhang,1986-07-08,hana.zhang42@example.com
APP043,Wei Fischer,1995-03-06,wei.fischer43@example.com
APP044,Emma Weber,1996-07-30,emma.weber44@example.com
APP045,Priya Rossi,1976-01-30,priya.rossi45@example.com
APP046,Ananya Fischer,1974-10-28,ananya.fischer46@example.com
APP047,Daniel Fischer,1976-07-29,daniel.fischer47@example.com
APP048,Liam Weber,1981-03-28,liam.weber48@example.com
APP049,Fatima Silva,1992-12-16,fatima.silva49@example.com
APP050,Chloe Costa,1970-07-03,chloe.costa50@example.com
APP051,Ananya Zhang,1982-10-16,ananya.zhang51@example.com
APP052,Hana Weber,1974-07-31,hana.weber52@example.com
APP053,Liam Kobayashi,1979-03-13,liam.kobayashi53@example.com
APP054,Sanjay Silva,1964-07-23,sanjay.silva54@example.com
APP055,Liam O'Brien,2000-08-06,liam.obrien55@example.com
APP056,James Silva,1982-08-02,james.silva56@example.com
APP057,Sanjay Silva,1974-10-16,sanjay.silva57@example.com
APP058,Ethan Chen,1974-11-29,ethan.chen58@example.com
APP059,Chloe Iyer,1970-03-13,chloe.iyer59@example.com
APP060,Noah Farouk,1994-02-24,noah.farouk60@example.com
APP061,Isabella Al-Sayed,1988-08-15,isabella.alsayed61@example.com
APP062,Grace Iyer,2000-01-11,grace.iyer62@example.com
APP063,Omar Fischer,1980-04-24,omar.fischer63@example.com
APP064,Daniel Iyer,1958-10-24,daniel.iyer64@example.com
APP065,Wei Lindqvist,1983-03-18,wei.lindqvist65@example.com
APP066,Layla Novak,1971-07-16,layla.novak66@example.com
APP067,Omar Costa,1975-08-11,omar.costa67@example.com
APP068,Fatima Al-Sayed,1976-03-02,fatima.alsayed68@example.com
APP069,Noah Rao,1981-01-27,noah.rao69@example.com
APP070,Ravi Costa,1972-07-18,ravi.costa70@example.com
APP071,Isabella Zhang,1982-06-26,isabella.zhang71@example.com
APP072,James Silva,1981-04-21,james.silva72@example.com
APP073,Grace Al-Sayed,1967-05-30,grace.alsayed73@example.com
APP074,James Nair,1971-09-04,james.nair74@example.com
APP075,Yuki Al-Sayed,1973-11-13,yuki.alsayed75@example.com
APP076,Ethan Haddad,1978-06-14,ethan.haddad76@example.com
APP077,Liam Kobayashi,1970-01-23,liam.kobayashi77@example.com
APP078,Daniel Mehta,2000-05-14,daniel.mehta78@example.com
APP079,Wei Johansson,1981-05-27,wei.johansson79@example.com
APP080,Noah Weber,1976-08-31,noah.weber80@example.com
APP081,Isabella Nair,1993-04-12,isabella.nair81@example.com
APP082,James Chen,1988-06-04,james.chen82@example.com
APP083,Olivia Costa,1965-12-21,olivia.costa83@example.com
APP084,Aisha Chen,1998-11-13,aisha.chen84@example.com
APP085,Priya Rao,1998-07-28,priya.rao85@example.com
APP086,Ananya O'Brien,1984-12-19,ananya.obrien86@example.com
APP087,Ravi Rao,1963-01-08,ravi.rao87@example.com
APP088,Omar Costa,1993-01-17,omar.costa88@example.com
APP089,David Fischer,1975-09-04,david.fischer89@example.com
APP090,Noah Haddad,1978-09-14,noah.haddad90@example.com
APP091,Wei Mehta,1974-05-22,wei.mehta91@example.com
APP092,Daniel Zhang,1975-09-17,daniel.zhang92@example.com
APP093,Ethan O'Brien,1976-03-21,ethan.obrien93@example.com
APP094,Sofia Al-Sayed,1968-03-23,sofia.alsayed94@example.com
APP095,Ethan Novak,1981-10-07,ethan.novak95@example.com
APP096,Sofia Sharma,1975-04-16,sofia.sharma96@example.com
APP097,Priya Al-Sayed,1960-02-12,priya.alsayed97@example.com
APP098,Emma Silva,1977-08-20,emma.silva98@example.com
APP099,Thomas Farouk,1982-05-20,thomas.farouk99@example.com
APP100,Nadia Rao,1976-06-02,nadia.rao100@example.com
APP101,Nadia Fischer,1994-01-19,nadia.fischer101@example.com
APP102,Emma Farouk,1979-12-26,emma.farouk102@example.com
APP103,Aisha Lindqvist,1973-04-19,aisha.lindqvist103@example.com
APP104,Emma Haddad,2001-12-25,emma.haddad104@example.com
APP105,Nadia Sharma,1958-11-21,nadia.sharma105@example.com
APP106,Daniel Novak,1960-02-06,daniel.novak106@example.com
APP107,Hana Rossi,2003-03-13,hana.rossi107@example.com
APP108,Fatima Sharma,1979-04-29,fatima.sharma108@example.com
APP109,Arjun Kobayashi,1966-09-26,arjun.kobayashi109@example.com
APP110,Daniel Haddad,1965-02-21,daniel.haddad110@example.com
APP111,Hana Al-Sayed,2002-11-09,hana.alsayed111@example.com
APP112,Isabella Weber,1990-11-21,isabella.weber112@example.com
APP113,Ethan Rao,1967-01-30,ethan.rao113@example.com
APP114,Sofia Rao,1987-02-11,sofia.rao114@example.com
APP115,Ethan Costa,2003-09-29,ethan.costa115@example.com
APP116,Liam Chen,1974-05-20,liam.chen116@example.com
APP117,Priya Nair,1992-07-08,priya.nair117@example.com
APP118,Thomas Haddad,1987-10-19,thomas.haddad118@example.com
APP119,Grace Iyer,2003-02-06,grace.iyer119@example.com
APP120,Ananya Al-Sayed,2003-01-29,ananya.alsayed120@example.com
APP121,Ravi Rossi,1961-06-27,ravi.rossi121@example.com
APP122,Omar Costa,1992-03-12,omar.costa122@example.com
APP123,Olivia Kobayashi,1960-12-28,olivia.kobayashi123@example.com
APP124,Ethan Rao,2000-10-21,ethan.rao124@example.com
APP125,Olivia Farouk,1991-01-06,olivia.farouk125@example.com
APP126,Wei Rossi,1966-11-20,wei.rossi126@example.com
APP127,Layla Weber,1982-03-15,layla.weber127@example.com
APP128,Olivia Nair,1972-03-13,olivia.nair128@example.com
APP129,Yuki Johansson,1970-09-05,yuki.johansson129@example.com
APP130,Karim Al-Sayed,1992-04-06,karim.alsayed130@example.com
APP131,Liam Johansson,1974-04-01,liam.johansson131@example.com
APP132,Daniel Weber,1995-10-21,daniel.weber132@example.com
APP133,Emma Johansson,1973-03-05,emma.johansson133@example.com
APP134,Sofia Johansson,1994-03-12,sofia.johansson134@example.com
APP135,Noah Mehta,1971-10-09,noah.mehta135@example.com
APP136,Ravi Rao,1987-03-28,ravi.rao136@example.com
APP137,Daniel Novak,1991-06-29,daniel.novak137@example.com
APP138,Lucas Chen,1968-10-20,lucas.chen138@example.com
APP139,Layla Farouk,1975-09-11,layla.farouk139@example.com
APP140,Daniel Weber,1958-09-07,daniel.weber140@example.com
APP141,Hana Fischer,1971-05-27,hana.fischer141@example.com
APP142,Ravi Silva,1967-09-20,ravi.silva142@example.com
APP143,Aisha Novak,1971-02-01,aisha.novak143@example.com
APP144,Miguel Costa,1991-04-25,miguel.costa144@example.com
APP145,Isabella Rao,1972-05-27,isabella.rao145@example.com
APP146,Priya Silva,1995-04-17,priya.silva146@example.com
APP147,Omar Nair,1976-01-21,omar.nair147@example.com
APP148,Sanjay Silva,1998-12-24,sanjay.silva148@example.com
APP149,Arjun Johansson,1965-12-31,arjun.johansson149@example.com
APP150,Yuki Sharma,1988-02-04,yuki.sharma150@example.com
APP151,Isabella Iyer,1973-10-20,isabella.iyer151@example.com
APP152,Grace Al-Sayed,1967-07-09,grace.alsayed152@example.com
APP153,David Mehta,1993-01-02,david.mehta153@example.com
APP154,Sofia O'Brien,1987-09-05,sofia.obrien154@example.com
APP155,Nadia Sharma,1973-10-08,nadia.sharma155@example.com
APP156,Thomas Mehta,1984-11-14,thomas.mehta156@example.com
APP157,Thomas Fischer,2002-01-24,thomas.fischer157@example.com
APP158,Arjun Iyer,1976-07-15,arjun.iyer158@example.com
APP159,Chloe Rossi,1966-04-22,chloe.rossi159@example.com
APP160,Karim Haddad,1989-04-10,karim.haddad160@example.com
APP161,Arjun Farouk,1983-12-24,arjun.farouk161@example.com
APP162,Ethan Lindqvist,1983-03-01,ethan.lindqvist162@example.com
APP163,Ethan Costa,1980-05-16,ethan.costa163@example.com
APP164,Omar Sharma,1997-01-26,omar.sharma164@example.com
APP165,Sanjay Chen,1992-11-24,sanjay.chen165@example.com
APP166,Yuki O'Brien,1960-05-23,yuki.obrien166@example.com
APP167,Omar Kobayashi,1988-04-27,omar.kobayashi167@example.com
APP168,Isabella Novak,1960-03-29,isabella.novak168@example.com
APP169,James Farouk,1977-05-08,james.farouk169@example.com
APP170,Daniel Weber,1973-07-22,daniel.weber170@example.com
APP171,Layla Fischer,1972-07-08,layla.fischer171@example.com
APP172,Olivia O'Brien,2000-12-12,olivia.obrien172@example.com
APP173,Miguel Fischer,1998-04-14,miguel.fischer173@example.com
APP174,Yuki O'Brien,1961-12-15,yuki.obrien174@example.com
APP175,Ethan Zhang,1995-06-02,ethan.zhang175@example.com
APP176,James Nair,1967-02-15,james.nair176@example.com
APP177,Noah Kobayashi,1998-05-24,noah.kobayashi177@example.com
APP178,Daniel Haddad,1964-04-20,daniel.haddad178@example.com
APP179,Sofia Costa,1987-08-14,sofia.costa179@example.com
APP180,Emma Al-Sayed,1977-05-24,emma.alsayed180@example.com
APP181,Priya Novak,2001-02-23,priya.novak181@example.com
APP182,Meera Haddad,1966-06-11,meera.haddad182@example.com
APP183,Daniel Lindqvist,2001-04-10,daniel.lindqvist183@example.com
APP184,Aisha Weber,1984-09-06,aisha.weber184@example.com
APP185,Miguel Costa,1959-04-03,miguel.costa185@example.com
APP186,Sanjay Sharma,1993-12-10,sanjay.sharma186@example.com
APP187,Lucas Weber,1979-09-29,lucas.weber187@example.com
APP188,Priya Zhang,1961-01-07,priya.zhang188@example.com
APP189,Yuki Costa,1965-03-02,yuki.costa189@example.com
APP190,Nadia Iyer,1960-01-13,nadia.iyer190@example.com
APP191,Thomas Farouk,1975-01-29,thomas.farouk191@example.com
APP192,Chloe Lindqvist,1987-08-03,chloe.lindqvist192@example.com
APP193,Lucas Sharma,1996-01-24,lucas.sharma193@example.com
APP194,Karim Lindqvist,1982-09-07,karim.lindqvist194@example.com
APP195,Liam Costa,1983-04-18,liam.costa195@example.com
APP196,Ethan Al-Sayed,1980-05-30,ethan.alsayed196@example.com
APP197,Yuki Silva,1978-11-04,yuki.silva197@example.com
APP198,Ananya Sharma,1993-11-04,ananya.sharma198@example.com
APP199,Priya Sharma,1960-07-10,priya.sharma199@example.com
APP200,Chloe O'Brien,1994-01-30,chloe.obrien200@example.com
APP201,Chloe Costa,1973-06-11,chloe.costa201@example.com
APP202,Fatima Kobayashi,1974-08-15,fatima.kobayashi202@example.com
APP203,Thomas Haddad,1978-10-03,thomas.haddad203@example.com
APP204,Liam Chen,1980-08-02,liam.chen204@example.com
APP205,James Mehta,1971-08-27,james.mehta205@example.com
APP206,Ananya Nair,1993-10-19,ananya.nair206@example.com
APP207,Emma Silva,1978-08-02,emma.silva207@example.com
APP208,Nadia Kobayashi,1968-07-26,nadia.kobayashi208@example.com
APP209,Emma Chen,1979-11-29,emma.chen209@example.com
APP210,Fatima Lindqvist,1981-02-20,fatima.lindqvist210@example.com
APP211,Arjun Iyer,1974-11-27,arjun.iyer211@example.com
APP212,Sanjay Fischer,1981-04-08,sanjay.fischer212@example.com
APP213,Olivia Johansson,1981-09-24,olivia.johansson213@example.com
APP214,Thomas Mehta,1992-08-19,thomas.mehta214@example.com
APP215,Priya Farouk,1993-12-15,priya.farouk215@example.com
APP216,Arjun Novak,1997-03-15,arjun.novak216@example.com
APP217,Yuki Rao,1992-08-04,yuki.rao217@example.com
APP218,Noah Lindqvist,1995-08-15,noah.lindqvist218@example.com
APP219,Ethan Nair,1969-02-14,ethan.nair219@example.com
APP220,Thomas Rossi,1993-09-09,thomas.rossi220@example.com
APP221,James Costa,1996-08-24,james.costa221@example.com
APP222,Aisha Weber,1976-01-30,aisha.weber222@example.com
APP223,Sanjay Lindqvist,1985-12-13,sanjay.lindqvist223@example.com
APP224,Emma Fischer,1997-07-26,emma.fischer224@example.com
APP225,Grace Kobayashi,1977-02-06,grace.kobayashi225@example.com
APP226,Hana Nair,1997-10-11,hana.nair226@example.com
APP227,Thomas Johansson,1963-10-30,thomas.johansson227@example.com
APP228,Arjun Novak,1980-06-28,arjun.novak228@example.com
APP229,Chloe Zhang,1959-06-19,chloe.zhang229@example.com
APP230,Wei Haddad,1972-07-15,wei.haddad230@example.com
APP231,Meera Novak,1982-12-30,meera.novak231@example.com
APP232,Yuki Al-Sayed,1986-07-30,yuki.alsayed232@example.com
APP233,Sofia Rossi,1978-10-02,sofia.rossi233@example.com
APP234,Omar Lindqvist,1990-01-22,omar.lindqvist234@example.com
APP235,Arjun Novak,1999-03-27,arjun.novak235@example.com
APP236,Noah Lindqvist,1991-10-30,noah.lindqvist236@example.com
APP237,David Johansson,1958-09-06,david.johansson237@example.com
APP238,Sanjay O'Brien,1996-12-20,sanjay.obrien238@example.com
APP239,Thomas Sharma,2001-11-22,thomas.sharma239@example.com
APP240,Sofia Silva,1969-02-07,sofia.silva240@example.com
APP241,Omar Haddad,1992-04-16,omar.haddad241@example.com
APP242,James Sharma,2002-10-17,james.sharma242@example.com
APP243,Karim Fischer,1966-08-29,karim.fischer243@example.com
APP244,Olivia Haddad,1992-12-29,olivia.haddad244@example.com
APP245,Grace Mehta,1979-02-13,grace.mehta245@example.com
APP246,Miguel Haddad,2001-01-01,miguel.haddad246@example.com
APP247,Layla Farouk,1981-02-05,layla.farouk247@example.com
APP248,Omar Mehta,1975-04-01,omar.mehta248@example.com
APP249,Isabella Nair,1962-03-30,isabella.nair249@example.com
APP250,Daniel Nair,1990-08-24,daniel.nair250@example.com
APP251,Liam Johansson,1985-04-11,liam.johansson251@example.com
APP252,Olivia Fischer,1969-06-23,olivia.fischer252@example.com
APP253,Emma Novak,1997-02-04,emma.novak253@example.com
APP254,Omar Iyer,1977-12-11,omar.iyer254@example.com
APP255,Daniel Haddad,1973-12-01,daniel.haddad255@example.com
APP256,Ananya Farouk,1981-06-27,ananya.farouk256@example.com
APP257,Liam Al-Sayed,1990-03-18,liam.alsayed257@example.com
APP258,Olivia Chen,1966-03-06,olivia.chen258@example.com
APP259,Olivia Haddad,1959-04-16,olivia.haddad259@example.com
APP260,Ananya Lindqvist,1991-08-09,ananya.lindqvist260@example.com
APP261,Miguel O'Brien,1958-03-01,miguel.obrien261@example.com
APP262,Ethan Rossi,1984-01-08,ethan.rossi262@example.com
APP263,Lucas O'Brien,1991-06-04,lucas.obrien263@example.com
APP264,Lucas Sharma,1982-03-28,lucas.sharma264@example.com
APP265,Thomas Novak,2003-06-24,thomas.novak265@example.com
APP266,Nadia Weber,1997-12-11,nadia.weber266@example.com
APP267,Aisha Zhang,1959-10-29,aisha.zhang267@example.com
APP268,Noah Iyer,1958-11-19,noah.iyer268@example.com
APP269,Meera Novak,1988-12-17,meera.novak269@example.com
APP270,Yuki Chen,1980-01-16,yuki.chen270@example.com
APP271,Sofia Lindqvist,1960-06-23,sofia.lindqvist271@example.com
APP272,Ethan Rao,1972-04-07,ethan.rao272@example.com
APP273,Yuki Fischer,1970-05-04,yuki.fischer273@example.com
APP274,Sanjay Rao,2002-04-01,sanjay.rao274@example.com
APP275,Lucas Haddad,1993-06-04,lucas.haddad275@example.com
APP276,Liam Rao,1967-04-23,liam.rao276@example.com
APP277,Aisha Lindqvist,1971-02-05,aisha.lindqvist277@example.com
APP278,Nadia Sharma,2000-06-16,nadia.sharma278@example.com
APP279,Ethan Nair,1995-01-04,ethan.nair279@example.com
APP280,Daniel Al-Sayed,1990-03-11,daniel.alsayed280@example.com
APP281,Yuki Lindqvist,1996-08-09,yuki.lindqvist281@example.com
APP282,Priya Rao,1985-09-14,priya.rao282@example.com
APP283,Sofia Rossi,1974-02-10,sofia.rossi283@example.com
APP284,Miguel Farouk,1970-04-05,miguel.farouk284@example.com
APP285,Emma Zhang,1972-01-18,emma.zhang285@example.com
APP286,Grace Nair,1970-09-18,grace.nair286@example.com
APP287,Liam Zhang,1968-09-23,liam.zhang287@example.com
APP288,Karim Farouk,1991-01-18,karim.farouk288@example.com
APP289,Aisha Weber,1983-06-10,aisha.weber289@example.com
APP290,Karim O'Brien,1971-12-28,karim.obrien290@example.com
APP291,Grace Novak,2003-12-20,grace.novak291@example.com
APP292,Isabella Kobayashi,1983-07-27,isabella.kobayashi292@example.com
APP293,Arjun Novak,2003-01-25,arjun.novak293@example.com
APP294,Chloe Al-Sayed,1961-06-01,chloe.alsayed294@example.com
APP295,Aisha Costa,1963-01-26,aisha.costa295@example.com
APP296,Wei Farouk,1963-06-06,wei.farouk296@example.com
APP297,Omar Haddad,1985-11-28,omar.haddad297@example.com
APP298,Arjun Rossi,1961-09-26,arjun.rossi298@example.com
APP299,David Al-Sayed,2000-12-14,david.alsayed299@example.com
APP300,Sanjay Silva,1961-08-13,sanjay.silva300@example.com
