applicationId,applicantId,requestedCoverage,submissionDate,status
IA001,APP152,Auto,2025-03-10,Decided
IA002,APP033,Umbrella,2025-01-30,Submitted
IA003,APP144,Umbrella,2025-12-12,InReview
IA004,APP204,Umbrella,2025-08-04,Submitted
IA005,APP146,Auto,2025-08-17,InReview
IA006,APP071,Auto,2025-10-20,Submitted
IA007,APP096,Home,2025-02-22,InReview
IA008,APP298,Auto,2025-09-11,Submitted
IA009,APP229,Home,2025-09-03,Decided
IA010,APP223,Auto,2025-01-13,Submitted
IA011,APP258,Life,2025-09-01,Decided
IA012,APP053,Umbrella,2025-07-13,Submitted
IA013,APP089,Life,2025-03-07,InReview
IA014,APP294,Life,2025-06-01,InReview
IA015,,Home,2025-10-09,Submitted
IA016,APP210,Home,2025-03-21,InReview
IA017,APP300,Auto,2025-09-23,Decided
IA018,APP127,Auto,2025-12-13,Decided
IA019,APP068,Home,2025-06-11,InReview
IA020,APP282,Auto,2025-10-16,Submitted
IA021,APP175,Life,2025-07-15,InReview
IA022,APP081,Umbrella,2025-10-06,InReview
IA023,APP282,Umbrella,2025-09-18,InReview
IA024,,Auto,2025-04-23,Decided
IA025,APP248,Life,2025-09-12,Submitted
IA026,APP250,Umbrella,2025-06-03,InReview
IA027,APP085,Home,2025-12-29,Decided
IA028,APP164,Life,2025-06-04,Submitted
IA029,APP253,Auto,2025-12-03,InReview
IA030,APP217,Life,2025-09-22,Decided
IA031,APP187,Life,2025-05-20,InReview
IA032,APP269,Life,2025-09-05,InReview
IA033,APP194,Auto,2025-11-11,InReview
IA034,APP095,Umbrella,2025-12-13,InReview
IA035,APP011,Auto,2025-06-09,Decided
IA036,APP027,Auto,2025-11-27,InReview
IA037,APP011,Auto,2025-11-25,Submitted
IA038,APP105,Auto,2025-12-28,Submitted
IA039,APP036,Umbrella,2025-02-12,Submitted
IA040,APP059,Life,2025-08-25,Submitted
IA041,APP224,Home,2025-01-16,Submitted
IA042,APP080,Life,2025-01-20,Decided
IA043,APP094,Umbrella,2025-10-28,Decided
IA044,,Home,2025-03-26,Submitted
IA045,APP011,Life,2025-07-19,Submitted
IA046,APP085,Life,2025-06-07,Submitted
IA047,APP268,Home,2025-06-21,Decided
IA048,APP039,Umbrella,2025-09-03,InReview
IA049,APP026,Home,2025-02-21,Decided
IA050,APP203,Auto,2025-08-20,InReview
IA051,APP196,Umbrella,2025-12-10,Decided
IA052,APP183,Life,2025-01-12,Decided
IA053,APP202,Auto,2025-04-12,Submitted
IA054,APP121,Home,2025-12-20,Decided
IA055,APP276,Home,2025-03-05,Decided
IA056,APP155,Auto,2025-02-24,Submitted
IA057,APP053,Auto,2025-06-18,Decided
IA058,APP213,Umbrella,2025-12-02,Decided
IA059,APP158,Home,2025-04-10,InReview
IA060,APP289,Auto,2025-05-15,Decided
IA061,APP165,Auto,2025-04-18,InReview
IA062,APP140,Auto,2025-01-10,InReview
IA063,APP021,Life,2025-08-19,Submitted
IA064,APP087,Life,2025-01-06,InReview
IA065,APP099,Life,2025-02-20,Decided
IA066,APP104,Auto,2025-02-24,Decided
IA067,APP240,Home,2025-10-09,InReview
IA068,APP119,Life,2025-06-18,Decided
IA069,APP242,Life,2025-10-16,Decided
IA070,APP235,Auto,2025-02-01,InReview
IA071,APP218,Umbrella,2025-12-09,Submitted
IA072,APP237,Auto,2025-05-16,Submitted
IA073,APP015,Auto,2025-09-16,Submitted
IA074,APP151,Auto,2025-08-10,Decided
IA075,APP203,Umbrella,2025-11-16,Decided
IA076,APP051,Life,2025-09-25,InReview
IA077,APP053,Umbrella,2025-05-02,Submitted
IA078,APP164,Auto,2025-10-17,Decided
IA079,APP016,Life,2025-08-16,Submitted
IA080,APP197,Home,2025-02-20,Decided
IA081,APP007,Auto,2025-07-27,Decided
IA082,APP195,Auto,2025-02-12,Submitted
IA083,APP168,Umbrella,2025-09-19,Submitted
IA084,APP289,Life,2025-04-03,Submitted
IA085,APP061,Umbrella,2025-05-23,Decided
IA086,APP270,Umbrella,2025-03-01,Decided
IA087,APP107,Umbrella,2025-02-17,InReview
IA088,APP018,Auto,2025-08-13,InReview
IA089,APP254,Home,2025-08-23,Decided
IA090,APP235,Umbrella,2025-12-09,InReview
IA091,APP261,Home,2025-01-06,Decided
IA092,APP055,Auto,2025-05-20,InReview
IA093,APP085,Umbrella,2025-05-15,Submitted
IA094,APP092,Auto,2025-02-17,Decided
IA095,APP081,Life,2025-12-01,Decided
IA096,APP266,Life,2025-01-18,Submitted
IA097,APP124,Umbrella,2025-03-05,Submitted
IA098,APP251,Umbrella,2025-11-10,Submitted
IA099,APP120,Umbrella,2025-04-21,Submitted
IA100,APP180,Life,2025-07-16,InReview
IA101,APP224,Auto,2025-03-07,Decided
IA102,APP171,Life,2025-12-10,Submitted
IA103,APP232,Home,2025-07-04,InReview
IA104,APP115,Umbrella,2025-09-23,Decided
IA105,APP156,Umbrella,2025-12-22,Decided
IA106,APP258,Auto,2025-06-25,Submitted
IA107,APP196,Life,2025-01-05,Submitted
IA108,APP239,Life,2025-04-27,Submitted
IA109,APP222,Auto,2025-08-02,Decided
IA110,APP205,Home,2025-09-08,Decided
IA111,APP203,Auto,2025-05-16,InReview
IA112,APP014,Umbrella,2025-05-21,Decided
IA113,APP232,Life,2025-11-06,Submitted
IA114,APP216,Umbrella,2025-02-23,Decided
IA115,APP072,Umbrella,2025-03-30,Decided
IA116,APP006,Auto,2025-12-09,Decided
IA117,APP257,Umbrella,2025-04-17,InReview
IA118,APP122,Home,2025-10-20,InReview
IA119,APP215,Umbrella,2025-06-23,Submitted
IA120,,Home,2025-10-16,Decided
IA121,APP036,Home,2025-02-02,Decided
IA122,APP213,Umbrella,2025-12-14,Submitted
IA123,APP277,Home,2025-01-05,InReview
IA124,APP066,Umbrella,2025-01-28,Submitted
IA125,APP122,Auto,2025-12-24,Decided
IA126,APP263,Home,2025-11-12,Decided
IA127,APP072,Auto,2025-09-16,Submitted
IA128,APP039,Auto,2025-07-13,InReview
IA129,APP088,Umbrella,2025-03-15,Decided
IA130,APP029,Life,2025-04-27,Decided
IA131,APP082,Umbrella,2025-05-10,Decided
IA132,APP075,Auto,2025-12-20,InReview
IA133,APP058,Auto,2025-09-06,Decided
IA134,APP283,Auto,2025-01-10,Decided
IA135,APP025,Home,2025-02-08,Decided
IA136,APP147,Life,2025-10-11,InReview
IA137,APP071,Auto,2025-10-27,Decided
IA138,APP240,Home,2025-07-03,Decided
IA139,APP066,Umbrella,2025-07-09,InReview
IA140,APP235,Home,2025-06-04,InReview
IA141,APP185,Umbrella,2025-06-19,Decided
IA142,APP072,Umbrella,2025-06-29,InReview
IA143,APP001,Life,2025-01-23,Decided
IA144,APP187,Home,2025-09-18,InReview
IA145,APP173,Umbrella,2025-07-25,Decided
IA146,APP077,Umbrella,2025-05-11,Submitted
IA147,APP041,Umbrella,2025-06-22,Decided
IA148,APP155,Umbrella,2025-09-26,Decided
IA149,APP101,Home,2025-07-05,InReview
IA150,APP160,Auto,2025-11-27,Decided
IA151,APP051,Umbrella,2025-02-20,Decided
IA152,APP241,Auto,2025-06-18,InReview
IA153,APP093,Life,2025-02-15,Decided
IA154,APP027,Life,2025-03-30,Submitted
IA155,APP246,Home,2025-11-22,Decided
IA156,APP212,Life,2025-02-24,Submitted
IA157,APP223,Auto,2025-04-23,InReview
IA158,APP225,Auto,2025-06-17,Decided
IA159,APP050,Life,2025-06-11,Decided
IA160,APP230,Life,2025-10-10,Submitted
IA161,APP183,Home,2025-10-12,Submitted
IA162,APP186,Home,2025-08-17,Decided
IA163,APP179,Auto,2025-08-20,Decided
IA164,APP181,Auto,2025-04-28,Submitted
IA165,APP009,Home,2025-04-20,Decided
IA166,APP105,Umbrella,2025-10-21,Submitted
IA167,APP089,Life,2025-12-31,Decided
IA168,APP089,Auto,2025-10-19,InReview
IA169,APP207,Auto,2025-01-20,Submitted
IA170,APP250,Home,2025-04-18,InReview
IA171,APP173,Life,2025-09-22,Decided
IA172,APP073,Umbrella,2025-01-30,Submitted
IA173,APP093,Home,2025-12-05,InReview
IA174,APP294,Umbrella,2025-05-12,Decided
IA175,APP181,Auto,2025-06-24,Decided
IA176,APP048,Home,2025-10-19,InReview
IA177,APP062,Life,2025-09-15,Decided
IA178,APP225,Home,2025-02-06,InReview
IA179,APP146,Life,2025-10-22,Submitted
IA180,APP175,Umbrella,2025-07-24,Decided
IA181,APP291,Home,2025-06-22,Submitted
IA182,APP117,Auto,2025-02-03,Decided
IA183,APP178,Umbrella,2025-05-13,Submitted
IA184,APP186,Umbrella,2025-12-31,InReview
IA185,APP292,Umbrella,2025-03-16,Decided
IA186,APP066,Life,2025-03-28,InReview
IA187,APP174,Life,2025-11-06,InReview
IA188,APP249,Umbrella,2025-06-06,InReview
IA189,APP022,Home,2025-12-10,InReview
IA190,APP169,Life,2025-08-17,Decided
IA191,APP079,Auto,2025-05-15,Decided
IA192,APP229,Umbrella,2025-02-18,Submitted
IA193,APP133,Home,2025-09-14,Decided
IA194,APP158,Home,2025-07-02,InReview
IA195,APP128,Life,2025-06-29,Decided
IA196,APP251,Auto,2025-04-10,InReview
IA197,APP067,Life,2025-05-10,Decided
IA198,APP255,Life,2025-01-20,InReview
IA199,APP182,Umbrella,2025-12-08,InReview
IA200,APP226,Life,2025-07-20,Submitted
IA201,,Life,2025-05-27,Submitted
IA202,APP036,Life,2025-10-31,Submitted
IA203,APP134,Life,2025-01-12,Decided
IA204,APP026,Umbrella,2025-12-24,InReview
IA205,APP080,Auto,2025-08-10,Submitted
IA206,APP013,Home,2025-08-06,Submitted
IA207,APP169,Life,2025-01-28,InReview
IA208,APP298,Life,2025-11-23,InReview
IA209,APP005,Home,2025-04-30,Submitted
IA210,APP216,Life,2025-07-13,Submitted
IA211,APP182,Umbrella,2025-07-05,Decided
IA212,APP251,Life,2025-02-02,Submitted
IA213,APP055,Umbrella,2025-09-10,InReview
IA214,APP062,Home,2025-01-06,Submitted
IA215,APP149,Life,2025-02-27,Decided
IA216,APP170,Auto,2025-05-22,InReview
IA217,APP236,Life,2025-08-12,InReview
IA218,APP121,Home,2025-01-22,Submitted
IA219,APP048,Home,2025-12-05,Decided
IA220,APP289,Home,2025-11-28,Decided
IA221,APP148,Life,2025-06-22,Submitted
IA222,APP194,Life,2025-06-16,Decided
IA223,APP251,Life,2025-08-14,Submitted
IA224,APP262,Umbrella,2025-05-27,InReview
IA225,APP279,Auto,2025-03-05,InReview
IA226,APP126,Auto,2025-04-12,Submitted
IA227,APP191,Home,2025-10-28,Decided
IA228,APP266,Umbrella,2025-07-19,InReview
IA229,,Life,2025-12-12,Submitted
IA230,APP153,Life,2025-05-14,Submitted
IA231,APP127,Umbrella,2025-08-11,InReview
IA232,APP076,Auto,2025-06-01,Decided
IA233,APP030,Umbrella,2025-01-25,Decided
IA234,APP100,Life,2025-12-04,Submitted
IA235,APP249,Home,2025-10-06,Decided
IA236,APP292,Auto,2025-04-02,InReview
IA237,APP248,Umbrella,2025-02-24,Submitted
IA238,APP059,Auto,2025-06-03,Decided
IA239,APP005,Umbrella,2025-07-19,InReview
IA240,APP099,Auto,2025-04-05,Submitted
IA241,APP190,Auto,2025-12-22,Submitted
IA242,APP054,Life,2025-09-22,Decided
IA243,APP213,Home,2025-05-03,Submitted
IA244,APP233,Home,2025-06-17,InReview
IA245,APP076,Home,2025-07-06,Decided
IA246,APP245,Auto,2025-09-08,InReview
IA247,APP200,Auto,2025-09-03,Submitted
IA248,APP265,Home,2025-06-15,Decided
IA249,APP057,Home,2025-02-01,Decided
IA250,APP134,Life,2025-12-13,Submitted
IA251,APP143,Home,2025-10-03,Decided
IA252,APP124,Life,2025-09-17,Submitted
IA253,APP127,Auto,2025-10-20,Submitted
IA254,APP289,Auto,2025-09-12,Decided
IA255,APP096,Auto,2025-11-08,Decided
IA256,APP187,Auto,2025-03-17,InReview
IA257,APP032,Life,2025-01-10,InReview
IA258,APP093,Umbrella,2025-06-05,Decided
IA259,APP184,Home,2025-01-30,Submitted
IA260,APP050,Life,2025-05-27,InReview
IA261,APP154,Umbrella,2025-05-29,InReview
IA262,APP291,Home,2025-05-29,InReview
IA263,APP216,Auto,2025-03-01,Submitted
IA264,APP202,Umbrella,2025-05-18,InReview
IA265,APP030,Auto,2025-12-25,InReview
IA266,APP012,Home,2025-05-05,Submitted
IA267,APP256,Auto,2025-03-15,Decided
IA268,APP241,Auto,2025-01-30,InReview
IA269,APP286,Auto,2025-01-25,Submitted
IA270,APP273,Umbrella,2025-10-11,Submitted
IA271,APP058,Home,2025-05-20,Decided
IA272,APP281,Auto,2025-01-07,Submitted
IA273,APP041,Auto,2025-03-01,Decided
IA274,APP100,Home,2025-02-25,Decided
IA275,APP270,Life,2025-10-29,Submitted
IA276,APP239,Life,2025-11-08,InReview
IA277,APP163,Home,2025-03-24,Submitted
IA278,APP085,Home,2025-02-15,Submitted
IA279,APP110,Life,2025-04-21,InReview
IA280,APP021,Home,2025-04-01,Decided
IA281,APP114,Home,2025-08-17,Decided
IA282,APP296,Home,2025-02-27,Submitted
IA283,APP159,Auto,2025-06-28,Decided
IA284,APP188,Umbrella,2025-01-05,Submitted
IA285,APP036,Umbrella,2025-06-30,Decided
IA286,APP004,Home,2025-04-08,InReview
IA287,APP252,Home,2025-03-10,Decided
IA288,APP073,Auto,2025-10-08,Decided
IA289,APP263,Life,2025-07-04,InReview
IA290,APP014,Umbrella,2025-12-03,InReview
IA291,APP136,Umbrella,2025-09-10,InReview
IA292,APP027,Umbrella,2025-06-09,Decided
IA293,APP119,Life,2025-10-26,Decided
IA294,APP207,Umbrella,2025-07-28,InReview
IA295,APP160,Auto,2025-10-13,Decided
IA296,APP192,Life,2025-04-19,Submitted
IA297,APP042,Home,2025-03-16,Submitted
IA298,APP043,Life,2025-11-16,Decided
IA299,APP085,Auto,2025-09-13,InReview
IA300,APP029,Life,2025-10-25,Decided
