decisionId,applicationId,underwriterId,decision,premium,decisionDate
UD001,IA001,UW006,Approved,7895,2025-04-14
UD002,IA009,UW004,Declined,1444,2025-04-23
UD003,IA011,UW007,Declined,2347,2025-06-07
UD004,IA017,UW012,Approved,2847,2025-05-30
UD005,IA018,UW011,Declined,6674,2025-05-05
UD006,IA027,UW012,Approved,5423,2025-04-10
UD007,IA030,UW013,Declined,4669,2025-10-21
UD008,IA035,UW012,Declined,3753,2025-03-22
UD009,IA042,UW008,ApprovedWithConditions,7596,2025-06-28
UD010,IA043,UW012,Approved,2023,2025-10-28
UD011,IA047,UW011,Approved,1062,2025-12-07
UD012,IA049,UW017,Declined,5070,2025-06-13
UD013,IA051,UW004,Declined,7925,2025-03-28
UD014,IA052,UW009,ApprovedWithConditions,5949,2025-09-13
UD015,IA054,UW010,ApprovedWithConditions,5734,2025-03-07
UD016,IA055,UW018,Approved,5840,2025-10-13
UD017,IA057,UW015,Approved,4002,2025-01-28
UD018,IA058,UW001,Approved,3242,2025-11-29
UD019,IA060,UW015,Declined,6522,2025-11-06
UD020,IA065,UW005,Approved,4494,2025-02-21
UD021,IA066,UW007,ApprovedWithConditions,6995,2025-03-22
UD022,IA068,UW001,Approved,6995,2025-11-30
UD023,IA069,UW003,Declined,3543,2025-01-04
UD024,IA074,UW012,Approved,4679,2025-12-15
UD025,IA075,UW003,Approved,3776,2025-08-28
UD026,IA078,UW002,ApprovedWithConditions,2481,2025-08-07
UD027,IA080,UW016,Approved,6832,2025-11-30
UD028,IA081,UW008,ApprovedWithConditions,4256,2025-11-06
UD029,IA085,UW006,Approved,2241,2025-08-21
UD030,IA086,UW016,ApprovedWithConditions,6865,2025-04-30
UD031,IA089,UW003,ApprovedWithConditions,2101,2025-01-11
UD032,IA091,UW002,Declined,892,2025-11-28
UD033,IA094,UW011,ApprovedWithConditions,5541,2025-12-22
UD034,IA095,UW020,ApprovedWithConditions,5658,2025-07-12
UD035,IA101,UW013,ApprovedWithConditions,7385,2025-09-07
UD036,IA104,UW012,Declined,1651,2025-05-08
UD037,IA105,UW007,Approved,5335,2025-10-10
UD038,IA109,UW018,ApprovedWithConditions,6745,2025-10-15
UD039,IA110,UW015,Declined,3549,2025-10-03
UD040,IA112,UW018,Approved,2458,2025-05-06
UD041,IA114,UW010,ApprovedWithConditions,4427,2025-10-08
UD042,IA115,UW004,ApprovedWithConditions,6133,2025-05-23
UD043,IA116,UW008,Declined,5360,2025-08-02
UD044,IA121,UW020,Declined,1616,2025-01-27
UD045,IA125,UW019,ApprovedWithConditions,2045,2025-08-31
UD046,IA126,UW011,Declined,2347,2025-11-16
UD047,IA129,UW019,Approved,2264,2025-02-12
UD048,IA130,UW012,ApprovedWithConditions,2503,2025-11-21
UD049,IA131,UW007,Approved,2870,2025-04-11
UD050,IA133,UW006,Declined,568,2025-12-26
UD051,IA134,UW002,ApprovedWithConditions,3215,2025-05-28
UD052,IA135,UW011,Approved,1542,2025-03-14
UD053,IA137,UW013,Approved,575,2025-01-20
UD054,IA138,UW010,ApprovedWithConditions,3720,2025-06-13
UD055,IA141,UW005,ApprovedWithConditions,1035,2025-07-17
UD056,IA143,UW002,ApprovedWithConditions,5084,2025-08-19
UD057,IA145,UW012,ApprovedWithConditions,7755,2025-03-06
UD058,IA147,UW010,Declined,4934,2025-08-07
UD059,IA148,UW011,Approved,6086,2025-04-07
UD060,IA150,UW009,ApprovedWithConditions,5837,2025-04-20
UD061,IA151,UW014,ApprovedWithConditions,6170,2025-06-27
UD062,IA153,UW015,ApprovedWithConditions,6473,2025-05-02
UD063,IA155,UW010,Approved,7366,2025-01-12
UD064,IA158,UW017,Declined,6216,2025-04-21
UD065,IA159,UW007,ApprovedWithConditions,553,2025-06-26
UD066,IA162,UW011,ApprovedWithConditions,2165,2025-02-02
UD067,IA163,UW017,ApprovedWithConditions,6266,2025-11-06
UD068,IA165,UW008,Declined,2938,2025-04-13
UD069,IA167,UW012,ApprovedWithConditions,2766,2025-03-27
UD070,IA171,UW015,ApprovedWithConditions,6750,2025-07-15
UD071,IA174,UW012,Declined,7188,2025-07-15
UD072,IA175,UW019,Declined,4828,2025-10-01
UD073,IA177,UW007,Approved,6533,2025-02-14
UD074,IA180,UW012,Approved,6267,2025-12-28
UD075,IA182,UW008,ApprovedWithConditions,6100,2025-03-31
UD076,IA185,UW002,ApprovedWithConditions,2430,2025-08-03
UD077,IA190,UW019,Declined,4372,2025-05-04
UD078,IA191,UW001,Approved,7269,2025-02-16
UD079,IA193,UW016,Approved,6946,2025-01-27
UD080,IA195,UW011,Declined,3214,2025-09-23
UD081,IA197,UW010,Approved,7736,2025-05-15
UD082,IA203,UW001,ApprovedWithConditions,3390,2025-05-02
UD083,IA211,UW002,Approved,3205,2025-10-07
UD084,IA215,UW014,ApprovedWithConditions,2032,2025-09-19
UD085,IA219,UW011,Approved,2006,2025-07-05
UD086,IA220,UW015,Approved,4532,2025-03-19
UD087,IA222,UW001,Approved,1567,2025-11-12
UD088,IA227,UW008,Declined,7267,2025-09-10
UD089,IA232,UW018,ApprovedWithConditions,5473,2025-05-11
UD090,IA233,UW012,Declined,5926,2025-09-06
UD091,IA235,UW009,Approved,649,2025-06-19
UD092,IA238,UW012,ApprovedWithConditions,2115,2025-07-01
UD093,IA242,UW016,Approved,4026,2025-02-01
UD094,IA245,UW017,ApprovedWithConditions,7868,2025-09-26
UD095,IA248,UW014,Declined,4298,2025-03-21
UD096,IA249,UW008,Approved,3579,2025-05-21
UD097,IA251,UW005,ApprovedWithConditions,7616,2025-06-29
UD098,IA254,UW002,ApprovedWithConditions,1088,2025-05-23
UD099,IA255,UW014,ApprovedWithConditions,935,2025-06-27
UD100,IA258,UW006,Approved,2302,2025-09-24
UD101,IA267,UW004,Approved,7451,2025-06-30
UD102,IA271,UW018,Approved,7252,2025-02-09
UD103,IA273,UW003,ApprovedWithConditions,2487,2025-11-28
UD104,IA274,UW013,ApprovedWithConditions,2792,2025-08-04
UD105,IA280,UW017,Approved,5225,2025-02-03
UD106,IA281,UW014,ApprovedWithConditions,2882,2025-01-04
UD107,IA283,UW001,ApprovedWithConditions,7021,2025-07-30
UD108,IA285,UW008,Declined,2339,2025-02-11
UD109,IA287,UW020,Approved,446,2025-09-19
UD110,IA288,UW011,Declined,6839,2025-03-28
UD111,IA292,UW002,Declined,3600,2025-10-11
UD112,IA293,UW008,ApprovedWithConditions,3281,2025-06-08
UD113,IA295,UW006,Declined,6372,2025-01-13
UD114,IA298,UW005,Declined,4940,2025-03-04
UD115,IA300,UW007,ApprovedWithConditions,3330,2025-12-02
