documentId,claimId,documentType,uploadDate,fileReference
DOC0001,CLM001,MedicalReport,2025-03-21,/claim-docs/CLM001/medicalreport_0001.pdf
DOC0002,CLM002,PoliceReport,2025-12-15,/claim-docs/CLM002/policereport_0002.pdf
DOC0003,CLM002,RepairEstimate,2025-12-14,/claim-docs/CLM002/repairestimate_0003.pdf
DOC0004,CLM003,ClaimForm,2025-02-03,/claim-docs/CLM003/claimform_0004.pdf
DOC0005,CLM003,PoliceReport,2025-09-02,/claim-docs/CLM003/policereport_0005.pdf
DOC0006,CLM003,MedicalReport,2025-10-18,/claim-docs/CLM003/medicalreport_0006.pdf
DOC0007,CLM004,PhotoEvidence,2025-03-02,/claim-docs/CLM004/photoevidence_0007.pdf
DOC0008,CLM005,MedicalReport,2025-01-12,/claim-docs/CLM005/medicalreport_0008.pdf
DOC0009,CLM005,PoliceReport,2025-11-08,/claim-docs/CLM005/policereport_0009.pdf
DOC0010,CLM006,ClaimForm,2025-06-25,/claim-docs/CLM006/claimform_0010.pdf
DOC0011,CLM006,RepairEstimate,2025-07-20,/claim-docs/CLM006/repairestimate_0011.pdf
DOC0012,CLM006,PoliceReport,2025-04-28,/claim-docs/CLM006/policereport_0012.pdf
DOC0013,CLM007,PoliceReport,2025-07-01,/claim-docs/CLM007/policereport_0013.pdf
DOC0014,CLM008,MedicalReport,2025-07-26,/claim-docs/CLM008/medicalreport_0014.pdf
DOC0015,CLM009,PoliceReport,2025-05-06,/claim-docs/CLM009/policereport_0015.pdf
DOC0016,CLM009,ClaimForm,2025-07-28,/claim-docs/CLM009/claimform_0016.pdf
DOC0017,CLM009,ClaimForm,2025-08-08,/claim-docs/CLM009/claimform_0017.pdf
DOC0018,CLM010,PhotoEvidence,2025-06-10,/claim-docs/CLM010/photoevidence_0018.pdf
DOC0019,CLM011,PoliceReport,2025-01-22,/claim-docs/CLM011/policereport_0019.pdf
DOC0020,CLM012,PhotoEvidence,2025-06-09,/claim-docs/CLM012/photoevidence_0020.pdf
DOC0021,CLM013,MedicalReport,2025-06-21,/claim-docs/CLM013/medicalreport_0021.pdf
DOC0022,CLM014,PhotoEvidence,2025-11-27,/claim-docs/CLM014/photoevidence_0022.pdf
DOC0023,CLM014,RepairEstimate,2025-06-01,/claim-docs/CLM014/repairestimate_0023.pdf
DOC0024,CLM014,ClaimForm,2025-05-06,/claim-docs/CLM014/claimform_0024.pdf
DOC0025,CLM015,MedicalReport,2025-01-04,/claim-docs/CLM015/medicalreport_0025.pdf
DOC0026,CLM015,RepairEstimate,2025-07-12,/claim-docs/CLM015/repairestimate_0026.pdf
DOC0027,CLM015,MedicalReport,2025-07-20,/claim-docs/CLM015/medicalreport_0027.pdf
DOC0028,CLM016,ClaimForm,2025-07-19,/claim-docs/CLM016/claimform_0028.pdf
DOC0029,CLM016,PoliceReport,2025-05-02,/claim-docs/CLM016/policereport_0029.pdf
DOC0030,CLM016,PhotoEvidence,2025-01-17,/claim-docs/CLM016/photoevidence_0030.pdf
DOC0031,CLM017,PoliceReport,2025-06-14,/claim-docs/CLM017/policereport_0031.pdf
DOC0032,CLM017,ClaimForm,2025-11-11,/claim-docs/CLM017/claimform_0032.pdf
DOC0033,CLM017,RepairEstimate,2025-06-22,/claim-docs/CLM017/repairestimate_0033.pdf
DOC0034,CLM018,MedicalReport,2025-09-10,/claim-docs/CLM018/medicalreport_0034.pdf
DOC0035,CLM019,PhotoEvidence,2025-06-13,/claim-docs/CLM019/photoevidence_0035.pdf
DOC0036,CLM019,MedicalReport,2025-09-05,/claim-docs/CLM019/medicalreport_0036.pdf
DOC0037,CLM019,PoliceReport,2025-07-22,/claim-docs/CLM019/policereport_0037.pdf
DOC0038,CLM020,PoliceReport,2025-10-19,/claim-docs/CLM020/policereport_0038.pdf
DOC0039,CLM020,MedicalReport,2025-07-18,/claim-docs/CLM020/medicalreport_0039.pdf
DOC0040,CLM021,MedicalReport,2025-05-07,/claim-docs/CLM021/medicalreport_0040.pdf
DOC0041,CLM022,RepairEstimate,2025-10-21,/claim-docs/CLM022/repairestimate_0041.pdf
DOC0042,CLM022,MedicalReport,2025-08-15,/claim-docs/CLM022/medicalreport_0042.pdf
DOC0043,CLM023,PoliceReport,2025-09-16,/claim-docs/CLM023/policereport_0043.pdf
DOC0044,CLM023,PoliceReport,2025-11-03,/claim-docs/CLM023/policereport_0044.pdf
DOC0045,CLM024,RepairEstimate,2025-11-21,/claim-docs/CLM024/repairestimate_0045.pdf
DOC0046,CLM024,RepairEstimate,2025-06-03,/claim-docs/CLM024/repairestimate_0046.pdf
DOC0047,CLM025,MedicalReport,2025-04-26,/claim-docs/CLM025/medicalreport_0047.pdf
DOC0048,CLM026,PoliceReport,2025-01-02,/claim-docs/CLM026/policereport_0048.pdf
DOC0049,CLM027,PhotoEvidence,2025-10-28,/claim-docs/CLM027/photoevidence_0049.pdf
DOC0050,CLM028,PhotoEvidence,2025-07-21,/claim-docs/CLM028/photoevidence_0050.pdf
DOC0051,CLM029,PoliceReport,2025-12-23,/claim-docs/CLM029/policereport_0051.pdf
DOC0052,CLM029,PhotoEvidence,2025-08-13,/claim-docs/CLM029/photoevidence_0052.pdf
DOC0053,CLM029,PoliceReport,2025-03-21,/claim-docs/CLM029/policereport_0053.pdf
DOC0054,CLM030,ClaimForm,2025-02-25,/claim-docs/CLM030/claimform_0054.pdf
DOC0055,CLM030,PhotoEvidence,2025-04-06,/claim-docs/CLM030/photoevidence_0055.pdf
DOC0056,CLM030,RepairEstimate,2025-08-02,/claim-docs/CLM030/repairestimate_0056.pdf
DOC0057,CLM031,PoliceReport,2025-02-15,/claim-docs/CLM031/policereport_0057.pdf
DOC0058,CLM031,PoliceReport,2025-08-22,/claim-docs/CLM031/policereport_0058.pdf
DOC0059,CLM031,RepairEstimate,2025-09-20,/claim-docs/CLM031/repairestimate_0059.pdf
DOC0060,CLM032,PhotoEvidence,2025-10-27,/claim-docs/CLM032/photoevidence_0060.pdf
DOC0061,CLM032,RepairEstimate,2025-07-27,/claim-docs/CLM032/repairestimate_0061.pdf
DOC0062,CLM033,PhotoEvidence,2025-03-24,/claim-docs/CLM033/photoevidence_0062.pdf
DOC0063,CLM033,PhotoEvidence,2025-08-09,/claim-docs/CLM033/photoevidence_0063.pdf
DOC0064,CLM033,PoliceReport,2025-11-09,/claim-docs/CLM033/policereport_0064.pdf
DOC0065,CLM034,PhotoEvidence,2025-11-08,/claim-docs/CLM034/photoevidence_0065.pdf
DOC0066,CLM034,MedicalReport,2025-08-03,/claim-docs/CLM034/medicalreport_0066.pdf
DOC0067,CLM034,MedicalReport,2025-04-09,/claim-docs/CLM034/medicalreport_0067.pdf
DOC0068,CLM035,MedicalReport,2025-09-03,/claim-docs/CLM035/medicalreport_0068.pdf
DOC0069,CLM035,PoliceReport,2025-03-08,/claim-docs/CLM035/policereport_0069.pdf
DOC0070,CLM036,PoliceReport,2025-12-07,/claim-docs/CLM036/policereport_0070.pdf
DOC0071,CLM036,ClaimForm,2025-07-14,/claim-docs/CLM036/claimform_0071.pdf
DOC0072,CLM037,RepairEstimate,2025-08-14,/claim-docs/CLM037/repairestimate_0072.pdf
DOC0073,CLM037,ClaimForm,2025-04-27,/claim-docs/CLM037/claimform_0073.pdf
DOC0074,CLM038,PhotoEvidence,2025-10-23,/claim-docs/CLM038/photoevidence_0074.pdf
DOC0075,CLM038,ClaimForm,2025-10-13,/claim-docs/CLM038/claimform_0075.pdf
DOC0076,CLM039,ClaimForm,2025-06-10,/claim-docs/CLM039/claimform_0076.pdf
DOC0077,CLM039,PhotoEvidence,2025-07-18,/claim-docs/CLM039/photoevidence_0077.pdf
DOC0078,CLM040,RepairEstimate,2025-10-08,/claim-docs/CLM040/repairestimate_0078.pdf
DOC0079,CLM040,PhotoEvidence,2025-04-09,/claim-docs/CLM040/photoevidence_0079.pdf
DOC0080,CLM040,PhotoEvidence,2025-08-01,/claim-docs/CLM040/photoevidence_0080.pdf
DOC0081,CLM041,MedicalReport,2025-11-22,/claim-docs/CLM041/medicalreport_0081.pdf
DOC0082,CLM041,PhotoEvidence,2025-12-06,/claim-docs/CLM041/photoevidence_0082.pdf
DOC0083,CLM042,PoliceReport,2025-10-18,/claim-docs/CLM042/policereport_0083.pdf
DOC0084,CLM042,ClaimForm,2025-07-19,/claim-docs/CLM042/claimform_0084.pdf
DOC0085,CLM043,ClaimForm,2025-02-21,/claim-docs/CLM043/claimform_0085.pdf
DOC0086,CLM043,PhotoEvidence,2025-03-28,/claim-docs/CLM043/photoevidence_0086.pdf
DOC0087,CLM043,PhotoEvidence,2025-03-02,/claim-docs/CLM043/photoevidence_0087.pdf
DOC0088,CLM044,PhotoEvidence,2025-06-07,/claim-docs/CLM044/photoevidence_0088.pdf
DOC0089,CLM044,PhotoEvidence,2025-06-11,/claim-docs/CLM044/photoevidence_0089.pdf
DOC0090,CLM045,MedicalReport,2025-07-09,/claim-docs/CLM045/medicalreport_0090.pdf
DOC0091,CLM045,ClaimForm,2025-08-01,/claim-docs/CLM045/claimform_0091.pdf
DOC0092,CLM046,RepairEstimate,2025-01-12,/claim-docs/CLM046/repairestimate_0092.pdf
DOC0093,CLM046,PoliceReport,2025-11-03,/claim-docs/CLM046/policereport_0093.pdf
DOC0094,CLM046,ClaimForm,2025-01-08,/claim-docs/CLM046/claimform_0094.pdf
DOC0095,CLM047,ClaimForm,2025-10-05,/claim-docs/CLM047/claimform_0095.pdf
DOC0096,CLM048,PoliceReport,2025-08-22,/claim-docs/CLM048/policereport_0096.pdf
DOC0097,CLM049,RepairEstimate,2025-04-15,/claim-docs/CLM049/repairestimate_0097.pdf
DOC0098,CLM050,MedicalReport,2025-06-06,/claim-docs/CLM050/medicalreport_0098.pdf
DOC0099,CLM050,RepairEstimate,2025-10-24,/claim-docs/CLM050/repairestimate_0099.pdf
DOC0100,CLM050,ClaimForm,2025-03-10,/claim-docs/CLM050/claimform_0100.pdf
DOC0101,CLM051,RepairEstimate,2025-01-10,/claim-docs/CLM051/repairestimate_0101.pdf
DOC0102,CLM052,PhotoEvidence,2025-07-23,/claim-docs/CLM052/photoevidence_0102.pdf
DOC0103,CLM052,PoliceReport,2025-02-19,/claim-docs/CLM052/policereport_0103.pdf
DOC0104,CLM052,PoliceReport,2025-02-23,/claim-docs/CLM052/policereport_0104.pdf
DOC0105,CLM053,RepairEstimate,2025-02-26,/claim-docs/CLM053/repairestimate_0105.pdf
DOC0106,CLM053,RepairEstimate,2025-01-12,/claim-docs/CLM053/repairestimate_0106.pdf
DOC0107,CLM054,PhotoEvidence,2025-11-12,/claim-docs/CLM054/photoevidence_0107.pdf
DOC0108,CLM054,ClaimForm,2025-09-21,/claim-docs/CLM054/claimform_0108.pdf
DOC0109,CLM054,MedicalReport,2025-01-28,/claim-docs/CLM054/medicalreport_0109.pdf
DOC0110,CLM055,PhotoEvidence,2025-02-14,/claim-docs/CLM055/photoevidence_0110.pdf
DOC0111,CLM055,MedicalReport,2025-11-27,/claim-docs/CLM055/medicalreport_0111.pdf
DOC0112,CLM056,PoliceReport,2025-07-06,/claim-docs/CLM056/policereport_0112.pdf
DOC0113,CLM056,RepairEstimate,2025-11-09,/claim-docs/CLM056/repairestimate_0113.pdf
DOC0114,CLM057,RepairEstimate,2025-08-15,/claim-docs/CLM057/repairestimate_0114.pdf
DOC0115,CLM057,PhotoEvidence,2025-12-19,/claim-docs/CLM057/photoevidence_0115.pdf
DOC0116,CLM057,MedicalReport,2025-06-28,/claim-docs/CLM057/medicalreport_0116.pdf
DOC0117,CLM058,ClaimForm,2025-05-15,/claim-docs/CLM058/claimform_0117.pdf
DOC0118,CLM059,PhotoEvidence,2025-10-20,/claim-docs/CLM059/photoevidence_0118.pdf
DOC0119,CLM060,PhotoEvidence,2025-06-01,/claim-docs/CLM060/photoevidence_0119.pdf
DOC0120,CLM060,PhotoEvidence,2025-06-06,/claim-docs/CLM060/photoevidence_0120.pdf
DOC0121,CLM060,PhotoEvidence,2025-04-12,/claim-docs/CLM060/photoevidence_0121.pdf
DOC0122,CLM061,MedicalReport,2025-05-20,/claim-docs/CLM061/medicalreport_0122.pdf
DOC0123,CLM061,MedicalReport,2025-09-01,/claim-docs/CLM061/medicalreport_0123.pdf
DOC0124,CLM062,PoliceReport,2025-02-08,/claim-docs/CLM062/policereport_0124.pdf
DOC0125,CLM062,PhotoEvidence,2025-08-18,/claim-docs/CLM062/photoevidence_0125.pdf
DOC0126,CLM062,PoliceReport,2025-12-16,/claim-docs/CLM062/policereport_0126.pdf
DOC0127,CLM063,PhotoEvidence,2025-08-26,/claim-docs/CLM063/photoevidence_0127.pdf
DOC0128,CLM063,ClaimForm,2025-02-10,/claim-docs/CLM063/claimform_0128.pdf
DOC0129,CLM063,PoliceReport,2025-07-23,/claim-docs/CLM063/policereport_0129.pdf
DOC0130,CLM064,MedicalReport,2025-11-19,/claim-docs/CLM064/medicalreport_0130.pdf
DOC0131,CLM065,PhotoEvidence,2025-09-17,/claim-docs/CLM065/photoevidence_0131.pdf
DOC0132,CLM065,MedicalReport,2025-07-24,/claim-docs/CLM065/medicalreport_0132.pdf
DOC0133,CLM066,MedicalReport,2025-06-23,/claim-docs/CLM066/medicalreport_0133.pdf
DOC0134,CLM066,PhotoEvidence,2025-05-10,/claim-docs/CLM066/photoevidence_0134.pdf
DOC0135,CLM066,MedicalReport,2025-04-04,/claim-docs/CLM066/medicalreport_0135.pdf
DOC0136,CLM067,PoliceReport,2025-06-04,/claim-docs/CLM067/policereport_0136.pdf
DOC0137,CLM067,RepairEstimate,2025-12-06,/claim-docs/CLM067/repairestimate_0137.pdf
DOC0138,CLM067,PoliceReport,2025-04-24,/claim-docs/CLM067/policereport_0138.pdf
DOC0139,CLM068,MedicalReport,2025-12-19,/claim-docs/CLM068/medicalreport_0139.pdf
DOC0140,CLM068,RepairEstimate,2025-10-10,/claim-docs/CLM068/repairestimate_0140.pdf
DOC0141,CLM069,PoliceReport,2025-05-08,/claim-docs/CLM069/policereport_0141.pdf
DOC0142,CLM070,PoliceReport,2025-05-01,/claim-docs/CLM070/policereport_0142.pdf
DOC0143,CLM070,RepairEstimate,2025-03-09,/claim-docs/CLM070/repairestimate_0143.pdf
DOC0144,CLM071,ClaimForm,2025-09-10,/claim-docs/CLM071/claimform_0144.pdf
DOC0145,CLM072,PoliceReport,2025-11-28,/claim-docs/CLM072/policereport_0145.pdf
DOC0146,CLM072,PhotoEvidence,2025-02-28,/claim-docs/CLM072/photoevidence_0146.pdf
DOC0147,CLM072,ClaimForm,2025-10-10,/claim-docs/CLM072/claimform_0147.pdf
DOC0148,CLM073,PhotoEvidence,2025-08-11,/claim-docs/CLM073/photoevidence_0148.pdf
DOC0149,CLM073,PoliceReport,2025-01-09,/claim-docs/CLM073/policereport_0149.pdf
DOC0150,CLM074,ClaimForm,2025-02-13,/claim-docs/CLM074/claimform_0150.pdf
DOC0151,CLM074,PhotoEvidence,2025-02-19,/claim-docs/CLM074/photoevidence_0151.pdf
DOC0152,CLM075,ClaimForm,2025-03-05,/claim-docs/CLM075/claimform_0152.pdf
DOC0153,CLM075,RepairEstimate,2025-05-03,/claim-docs/CLM075/repairestimate_0153.pdf
DOC0154,CLM075,PoliceReport,2025-02-18,/claim-docs/CLM075/policereport_0154.pdf
DOC0155,CLM076,RepairEstimate,2025-10-26,/claim-docs/CLM076/repairestimate_0155.pdf
DOC0156,CLM076,RepairEstimate,2025-04-25,/claim-docs/CLM076/repairestimate_0156.pdf
DOC0157,CLM077,PhotoEvidence,2025-08-15,/claim-docs/CLM077/photoevidence_0157.pdf
DOC0158,CLM077,MedicalReport,2025-10-14,/claim-docs/CLM077/medicalreport_0158.pdf
DOC0159,CLM077,MedicalReport,2025-10-20,/claim-docs/CLM077/medicalreport_0159.pdf
DOC0160,CLM079,RepairEstimate,2025-12-04,/claim-docs/CLM079/repairestimate_0160.pdf
DOC0161,CLM080,PoliceReport,2025-05-22,/claim-docs/CLM080/policereport_0161.pdf
DOC0162,CLM081,PoliceReport,2025-04-06,/claim-docs/CLM081/policereport_0162.pdf
DOC0163,CLM082,ClaimForm,2025-03-01,/claim-docs/CLM082/claimform_0163.pdf
DOC0164,CLM082,PhotoEvidence,2025-08-23,/claim-docs/CLM082/photoevidence_0164.pdf
DOC0165,CLM082,RepairEstimate,2025-08-10,/claim-docs/CLM082/repairestimate_0165.pdf
DOC0166,CLM083,PoliceReport,2025-05-23,/claim-docs/CLM083/policereport_0166.pdf
DOC0167,CLM084,PhotoEvidence,2025-02-22,/claim-docs/CLM084/photoevidence_0167.pdf
DOC0168,CLM084,PoliceReport,2025-05-26,/claim-docs/CLM084/policereport_0168.pdf
DOC0169,CLM085,RepairEstimate,2025-11-26,/claim-docs/CLM085/repairestimate_0169.pdf
DOC0170,CLM085,PoliceReport,2025-07-04,/claim-docs/CLM085/policereport_0170.pdf
DOC0171,CLM085,RepairEstimate,2025-04-21,/claim-docs/CLM085/repairestimate_0171.pdf
DOC0172,CLM086,MedicalReport,2025-03-03,/claim-docs/CLM086/medicalreport_0172.pdf
DOC0173,CLM087,PoliceReport,2025-05-20,/claim-docs/CLM087/policereport_0173.pdf
DOC0174,CLM088,RepairEstimate,2025-05-15,/claim-docs/CLM088/repairestimate_0174.pdf
DOC0175,CLM088,ClaimForm,2025-08-23,/claim-docs/CLM088/claimform_0175.pdf
DOC0176,CLM088,MedicalReport,2025-12-13,/claim-docs/CLM088/medicalreport_0176.pdf
DOC0177,CLM089,RepairEstimate,2025-09-16,/claim-docs/CLM089/repairestimate_0177.pdf
DOC0178,CLM089,PhotoEvidence,2025-02-20,/claim-docs/CLM089/photoevidence_0178.pdf
DOC0179,CLM090,PhotoEvidence,2025-12-11,/claim-docs/CLM090/photoevidence_0179.pdf
DOC0180,CLM091,MedicalReport,2025-01-03,/claim-docs/CLM091/medicalreport_0180.pdf
DOC0181,CLM091,PoliceReport,2025-11-27,/claim-docs/CLM091/policereport_0181.pdf
DOC0182,CLM091,RepairEstimate,2025-10-01,/claim-docs/CLM091/repairestimate_0182.pdf
DOC0183,CLM092,MedicalReport,2025-10-02,/claim-docs/CLM092/medicalreport_0183.pdf
DOC0184,CLM092,PoliceReport,2025-08-17,/claim-docs/CLM092/policereport_0184.pdf
DOC0185,CLM092,PhotoEvidence,2025-05-06,/claim-docs/CLM092/photoevidence_0185.pdf
DOC0186,CLM093,PhotoEvidence,2025-11-27,/claim-docs/CLM093/photoevidence_0186.pdf
DOC0187,CLM093,PhotoEvidence,2025-02-16,/claim-docs/CLM093/photoevidence_0187.pdf
DOC0188,CLM093,MedicalReport,2025-07-11,/claim-docs/CLM093/medicalreport_0188.pdf
DOC0189,CLM094,ClaimForm,2025-03-11,/claim-docs/CLM094/claimform_0189.pdf
DOC0190,CLM094,PhotoEvidence,2025-12-16,/claim-docs/CLM094/photoevidence_0190.pdf
DOC0191,CLM095,PhotoEvidence,2025-09-02,/claim-docs/CLM095/photoevidence_0191.pdf
DOC0192,CLM095,PhotoEvidence,2025-02-11,/claim-docs/CLM095/photoevidence_0192.pdf
DOC0193,CLM096,MedicalReport,2025-02-25,/claim-docs/CLM096/medicalreport_0193.pdf
DOC0194,CLM096,PhotoEvidence,2025-09-27,/claim-docs/CLM096/photoevidence_0194.pdf
DOC0195,CLM097,RepairEstimate,2025-08-14,/claim-docs/CLM097/repairestimate_0195.pdf
DOC0196,CLM098,PoliceReport,2025-09-12,/claim-docs/CLM098/policereport_0196.pdf
DOC0197,CLM099,PhotoEvidence,2025-11-15,/claim-docs/CLM099/photoevidence_0197.pdf
DOC0198,CLM099,ClaimForm,2025-04-09,/claim-docs/CLM099/claimform_0198.pdf
DOC0199,CLM099,RepairEstimate,2025-03-10,/claim-docs/CLM099/repairestimate_0199.pdf
DOC0200,CLM100,PhotoEvidence,2025-02-01,/claim-docs/CLM100/photoevidence_0200.pdf
DOC0201,CLM100,RepairEstimate,2025-04-23,/claim-docs/CLM100/repairestimate_0201.pdf
DOC0202,CLM101,MedicalReport,2025-09-01,/claim-docs/CLM101/medicalreport_0202.pdf
DOC0203,CLM102,PhotoEvidence,2025-02-08,/claim-docs/CLM102/photoevidence_0203.pdf
DOC0204,CLM102,ClaimForm,2025-08-04,/claim-docs/CLM102/claimform_0204.pdf
DOC0205,CLM102,PoliceReport,2025-08-23,/claim-docs/CLM102/policereport_0205.pdf
DOC0206,CLM103,RepairEstimate,2025-12-09,/claim-docs/CLM103/repairestimate_0206.pdf
DOC0207,CLM103,PhotoEvidence,2025-08-16,/claim-docs/CLM103/photoevidence_0207.pdf
DOC0208,CLM104,PhotoEvidence,2025-09-05,/claim-docs/CLM104/photoevidence_0208.pdf
DOC0209,CLM106,PoliceReport,2025-10-17,/claim-docs/CLM106/policereport_0209.pdf
DOC0210,CLM106,PoliceReport,2025-02-09,/claim-docs/CLM106/policereport_0210.pdf
DOC0211,CLM107,MedicalReport,2025-09-09,/claim-docs/CLM107/medicalreport_0211.pdf
DOC0212,CLM107,ClaimForm,2025-05-24,/claim-docs/CLM107/claimform_0212.pdf
DOC0213,CLM108,RepairEstimate,2025-10-22,/claim-docs/CLM108/repairestimate_0213.pdf
DOC0214,CLM108,PhotoEvidence,2025-03-15,/claim-docs/CLM108/photoevidence_0214.pdf
DOC0215,CLM109,PhotoEvidence,2025-06-11,/claim-docs/CLM109/photoevidence_0215.pdf
DOC0216,CLM109,RepairEstimate,2025-09-13,/claim-docs/CLM109/repairestimate_0216.pdf
DOC0217,CLM109,PhotoEvidence,2025-06-28,/claim-docs/CLM109/photoevidence_0217.pdf
DOC0218,CLM110,PoliceReport,2025-10-13,/claim-docs/CLM110/policereport_0218.pdf
DOC0219,CLM111,PhotoEvidence,2025-01-11,/claim-docs/CLM111/photoevidence_0219.pdf
DOC0220,CLM112,PhotoEvidence,2025-12-26,/claim-docs/CLM112/photoevidence_0220.pdf
DOC0221,CLM112,PhotoEvidence,2025-07-22,/claim-docs/CLM112/photoevidence_0221.pdf
DOC0222,CLM112,PoliceReport,2025-08-02,/claim-docs/CLM112/policereport_0222.pdf
DOC0223,CLM113,RepairEstimate,2025-10-11,/claim-docs/CLM113/repairestimate_0223.pdf
DOC0224,CLM114,PhotoEvidence,2025-02-17,/claim-docs/CLM114/photoevidence_0224.pdf
DOC0225,CLM115,ClaimForm,2025-12-05,/claim-docs/CLM115/claimform_0225.pdf
DOC0226,CLM115,PhotoEvidence,2025-11-05,/claim-docs/CLM115/photoevidence_0226.pdf
DOC0227,CLM116,PhotoEvidence,2025-05-11,/claim-docs/CLM116/photoevidence_0227.pdf
DOC0228,CLM117,PhotoEvidence,2025-11-03,/claim-docs/CLM117/photoevidence_0228.pdf
DOC0229,CLM117,MedicalReport,2025-11-28,/claim-docs/CLM117/medicalreport_0229.pdf
DOC0230,CLM117,RepairEstimate,2025-07-11,/claim-docs/CLM117/repairestimate_0230.pdf
DOC0231,CLM118,PhotoEvidence,2025-09-02,/claim-docs/CLM118/photoevidence_0231.pdf
DOC0232,CLM118,RepairEstimate,2025-02-08,/claim-docs/CLM118/repairestimate_0232.pdf
DOC0233,CLM118,MedicalReport,2025-04-24,/claim-docs/CLM118/medicalreport_0233.pdf
DOC0234,CLM119,PhotoEvidence,2025-02-25,/claim-docs/CLM119/photoevidence_0234.pdf
DOC0235,CLM120,ClaimForm,2025-08-06,/claim-docs/CLM120/claimform_0235.pdf
DOC0236,CLM120,MedicalReport,2025-01-02,/claim-docs/CLM120/medicalreport_0236.pdf
DOC0237,CLM120,MedicalReport,2025-01-10,/claim-docs/CLM120/medicalreport_0237.pdf
DOC0238,CLM121,MedicalReport,2025-07-05,/claim-docs/CLM121/medicalreport_0238.pdf
DOC0239,CLM121,PoliceReport,2025-09-14,/claim-docs/CLM121/policereport_0239.pdf
DOC0240,CLM122,PoliceReport,2025-03-06,/claim-docs/CLM122/policereport_0240.pdf
DOC0241,CLM122,ClaimForm,2025-10-28,/claim-docs/CLM122/claimform_0241.pdf
DOC0242,CLM122,PhotoEvidence,2025-10-22,/claim-docs/CLM122/photoevidence_0242.pdf
DOC0243,CLM123,PhotoEvidence,2025-10-05,/claim-docs/CLM123/photoevidence_0243.pdf
DOC0244,CLM124,PhotoEvidence,2025-11-09,/claim-docs/CLM124/photoevidence_0244.pdf
DOC0245,CLM125,MedicalReport,2025-11-01,/claim-docs/CLM125/medicalreport_0245.pdf
DOC0246,CLM125,PhotoEvidence,2025-05-22,/claim-docs/CLM125/photoevidence_0246.pdf
DOC0247,CLM126,PoliceReport,2025-02-15,/claim-docs/CLM126/policereport_0247.pdf
DOC0248,CLM126,MedicalReport,2025-10-10,/claim-docs/CLM126/medicalreport_0248.pdf
DOC0249,CLM126,PhotoEvidence,2025-12-09,/claim-docs/CLM126/photoevidence_0249.pdf
DOC0250,CLM127,MedicalReport,2025-04-13,/claim-docs/CLM127/medicalreport_0250.pdf
DOC0251,CLM127,PhotoEvidence,2025-02-08,/claim-docs/CLM127/photoevidence_0251.pdf
DOC0252,CLM128,RepairEstimate,2025-06-19,/claim-docs/CLM128/repairestimate_0252.pdf
DOC0253,CLM128,MedicalReport,2025-12-10,/claim-docs/CLM128/medicalreport_0253.pdf
DOC0254,CLM129,PhotoEvidence,2025-05-01,/claim-docs/CLM129/photoevidence_0254.pdf
DOC0255,CLM130,ClaimForm,2025-10-24,/claim-docs/CLM130/claimform_0255.pdf
DOC0256,CLM130,PhotoEvidence,2025-05-25,/claim-docs/CLM130/photoevidence_0256.pdf
DOC0257,CLM130,PoliceReport,2025-10-26,/claim-docs/CLM130/policereport_0257.pdf
DOC0258,CLM131,PoliceReport,2025-11-07,/claim-docs/CLM131/policereport_0258.pdf
DOC0259,CLM131,RepairEstimate,2025-05-22,/claim-docs/CLM131/repairestimate_0259.pdf
DOC0260,CLM132,PoliceReport,2025-11-04,/claim-docs/CLM132/policereport_0260.pdf
DOC0261,CLM132,ClaimForm,2025-05-26,/claim-docs/CLM132/claimform_0261.pdf
DOC0262,CLM132,PhotoEvidence,2025-01-19,/claim-docs/CLM132/photoevidence_0262.pdf
DOC0263,CLM133,PoliceReport,2025-02-10,/claim-docs/CLM133/policereport_0263.pdf
DOC0264,CLM133,MedicalReport,2025-12-14,/claim-docs/CLM133/medicalreport_0264.pdf
DOC0265,CLM134,PoliceReport,2025-03-26,/claim-docs/CLM134/policereport_0265.pdf
DOC0266,CLM135,MedicalReport,2025-09-17,/claim-docs/CLM135/medicalreport_0266.pdf
DOC0267,CLM135,MedicalReport,2025-03-09,/claim-docs/CLM135/medicalreport_0267.pdf
DOC0268,CLM135,PhotoEvidence,2025-05-24,/claim-docs/CLM135/photoevidence_0268.pdf
DOC0269,CLM136,ClaimForm,2025-08-03,/claim-docs/CLM136/claimform_0269.pdf
DOC0270,CLM136,PoliceReport,2025-04-28,/claim-docs/CLM136/policereport_0270.pdf
DOC0271,CLM137,PhotoEvidence,2025-09-12,/claim-docs/CLM137/photoevidence_0271.pdf
DOC0272,CLM137,ClaimForm,2025-07-01,/claim-docs/CLM137/claimform_0272.pdf
DOC0273,CLM137,MedicalReport,2025-09-04,/claim-docs/CLM137/medicalreport_0273.pdf
DOC0274,CLM138,MedicalReport,2025-11-24,/claim-docs/CLM138/medicalreport_0274.pdf
DOC0275,CLM138,MedicalReport,2025-10-13,/claim-docs/CLM138/medicalreport_0275.pdf
DOC0276,CLM139,MedicalReport,2025-02-22,/claim-docs/CLM139/medicalreport_0276.pdf
DOC0277,CLM139,PoliceReport,2025-08-01,/claim-docs/CLM139/policereport_0277.pdf
DOC0278,CLM139,RepairEstimate,2025-09-11,/claim-docs/CLM139/repairestimate_0278.pdf
DOC0279,CLM140,PoliceReport,2025-11-03,/claim-docs/CLM140/policereport_0279.pdf
DOC0280,CLM140,PhotoEvidence,2025-12-10,/claim-docs/CLM140/photoevidence_0280.pdf
DOC0281,CLM140,PhotoEvidence,2025-02-05,/claim-docs/CLM140/photoevidence_0281.pdf
DOC0282,CLM141,ClaimForm,2025-05-16,/claim-docs/CLM141/claimform_0282.pdf
DOC0283,CLM142,ClaimForm,2025-04-18,/claim-docs/CLM142/claimform_0283.pdf
DOC0284,CLM143,PhotoEvidence,2025-08-12,/claim-docs/CLM143/photoevidence_0284.pdf
DOC0285,CLM144,RepairEstimate,2025-07-19,/claim-docs/CLM144/repairestimate_0285.pdf
DOC0286,CLM144,PoliceReport,2025-07-21,/claim-docs/CLM144/policereport_0286.pdf
DOC0287,CLM144,ClaimForm,2025-08-20,/claim-docs/CLM144/claimform_0287.pdf
DOC0288,CLM145,MedicalReport,2025-01-23,/claim-docs/CLM145/medicalreport_0288.pdf
DOC0289,CLM145,MedicalReport,2025-04-15,/claim-docs/CLM145/medicalreport_0289.pdf
DOC0290,CLM146,PoliceReport,2025-06-04,/claim-docs/CLM146/policereport_0290.pdf
DOC0291,CLM146,MedicalReport,2025-09-21,/claim-docs/CLM146/medicalreport_0291.pdf
DOC0292,CLM147,ClaimForm,2025-07-09,/claim-docs/CLM147/claimform_0292.pdf
DOC0293,CLM147,PoliceReport,2025-02-28,/claim-docs/CLM147/policereport_0293.pdf
DOC0294,CLM148,ClaimForm,2025-11-07,/claim-docs/CLM148/claimform_0294.pdf
DOC0295,CLM148,RepairEstimate,2025-01-02,/claim-docs/CLM148/repairestimate_0295.pdf
DOC0296,CLM149,PoliceReport,2025-03-26,/claim-docs/CLM149/policereport_0296.pdf
DOC0297,CLM149,RepairEstimate,2025-04-03,/claim-docs/CLM149/repairestimate_0297.pdf
DOC0298,CLM150,PoliceReport,2025-10-07,/claim-docs/CLM150/policereport_0298.pdf
DOC0299,CLM150,PoliceReport,2025-06-25,/claim-docs/CLM150/policereport_0299.pdf
DOC0300,CLM150,PoliceReport,2025-10-01,/claim-docs/CLM150/policereport_0300.pdf
DOC0301,CLM151,PoliceReport,2025-03-18,/claim-docs/CLM151/policereport_0301.pdf
DOC0302,CLM151,MedicalReport,2025-03-04,/claim-docs/CLM151/medicalreport_0302.pdf
DOC0303,CLM152,ClaimForm,2025-03-01,/claim-docs/CLM152/claimform_0303.pdf
DOC0304,CLM152,MedicalReport,2025-04-19,/claim-docs/CLM152/medicalreport_0304.pdf
DOC0305,CLM152,MedicalReport,2025-01-06,/claim-docs/CLM152/medicalreport_0305.pdf
DOC0306,CLM153,ClaimForm,2025-03-24,/claim-docs/CLM153/claimform_0306.pdf
DOC0307,CLM153,PhotoEvidence,2025-09-04,/claim-docs/CLM153/photoevidence_0307.pdf
DOC0308,CLM154,ClaimForm,2025-08-15,/claim-docs/CLM154/claimform_0308.pdf
DOC0309,CLM154,MedicalReport,2025-09-19,/claim-docs/CLM154/medicalreport_0309.pdf
DOC0310,CLM154,ClaimForm,2025-08-17,/claim-docs/CLM154/claimform_0310.pdf
DOC0311,CLM155,RepairEstimate,2025-01-24,/claim-docs/CLM155/repairestimate_0311.pdf
DOC0312,CLM156,RepairEstimate,2025-05-15,/claim-docs/CLM156/repairestimate_0312.pdf
DOC0313,CLM156,ClaimForm,2025-01-16,/claim-docs/CLM156/claimform_0313.pdf
DOC0314,CLM156,PhotoEvidence,2025-07-22,/claim-docs/CLM156/photoevidence_0314.pdf
DOC0315,CLM157,PhotoEvidence,2025-12-15,/claim-docs/CLM157/photoevidence_0315.pdf
DOC0316,CLM158,ClaimForm,2025-06-20,/claim-docs/CLM158/claimform_0316.pdf
DOC0317,CLM159,ClaimForm,2025-03-09,/claim-docs/CLM159/claimform_0317.pdf
DOC0318,CLM160,RepairEstimate,2025-09-23,/claim-docs/CLM160/repairestimate_0318.pdf
DOC0319,CLM160,MedicalReport,2025-07-20,/claim-docs/CLM160/medicalreport_0319.pdf
DOC0320,CLM160,RepairEstimate,2025-05-15,/claim-docs/CLM160/repairestimate_0320.pdf
DOC0321,CLM161,RepairEstimate,2025-07-04,/claim-docs/CLM161/repairestimate_0321.pdf
DOC0322,CLM161,ClaimForm,2025-11-21,/claim-docs/CLM161/claimform_0322.pdf
DOC0323,CLM161,RepairEstimate,2025-12-28,/claim-docs/CLM161/repairestimate_0323.pdf
DOC0324,CLM162,PhotoEvidence,2025-08-08,/claim-docs/CLM162/photoevidence_0324.pdf
DOC0325,CLM163,MedicalReport,2025-08-13,/claim-docs/CLM163/medicalreport_0325.pdf
DOC0326,CLM163,PhotoEvidence,2025-12-04,/claim-docs/CLM163/photoevidence_0326.pdf
DOC0327,CLM164,PhotoEvidence,2025-06-22,/claim-docs/CLM164/photoevidence_0327.pdf
DOC0328,CLM164,MedicalReport,2025-06-05,/claim-docs/CLM164/medicalreport_0328.pdf
DOC0329,CLM165,PhotoEvidence,2025-02-03,/claim-docs/CLM165/photoevidence_0329.pdf
DOC0330,CLM165,ClaimForm,2025-02-14,/claim-docs/CLM165/claimform_0330.pdf
DOC0331,CLM165,ClaimForm,2025-12-24,/claim-docs/CLM165/claimform_0331.pdf
DOC0332,CLM166,PoliceReport,2025-09-02,/claim-docs/CLM166/policereport_0332.pdf
DOC0333,CLM166,RepairEstimate,2025-09-18,/claim-docs/CLM166/repairestimate_0333.pdf
DOC0334,CLM167,ClaimForm,2025-07-12,/claim-docs/CLM167/claimform_0334.pdf
DOC0335,CLM167,PhotoEvidence,2025-12-02,/claim-docs/CLM167/photoevidence_0335.pdf
DOC0336,CLM168,RepairEstimate,2025-05-12,/claim-docs/CLM168/repairestimate_0336.pdf
DOC0337,CLM168,ClaimForm,2025-10-17,/claim-docs/CLM168/claimform_0337.pdf
DOC0338,CLM169,PoliceReport,2025-11-16,/claim-docs/CLM169/policereport_0338.pdf
DOC0339,CLM170,ClaimForm,2025-06-28,/claim-docs/CLM170/claimform_0339.pdf
DOC0340,CLM171,MedicalReport,2025-02-25,/claim-docs/CLM171/medicalreport_0340.pdf
DOC0341,CLM171,MedicalReport,2025-10-08,/claim-docs/CLM171/medicalreport_0341.pdf
DOC0342,CLM171,PhotoEvidence,2025-09-25,/claim-docs/CLM171/photoevidence_0342.pdf
DOC0343,CLM172,RepairEstimate,2025-11-21,/claim-docs/CLM172/repairestimate_0343.pdf
DOC0344,CLM172,RepairEstimate,2025-01-20,/claim-docs/CLM172/repairestimate_0344.pdf
DOC0345,CLM172,MedicalReport,2025-01-06,/claim-docs/CLM172/medicalreport_0345.pdf
DOC0346,CLM173,MedicalReport,2025-06-12,/claim-docs/CLM173/medicalreport_0346.pdf
DOC0347,CLM173,ClaimForm,2025-03-28,/claim-docs/CLM173/claimform_0347.pdf
DOC0348,CLM174,RepairEstimate,2025-11-13,/claim-docs/CLM174/repairestimate_0348.pdf
DOC0349,CLM175,PoliceReport,2025-12-21,/claim-docs/CLM175/policereport_0349.pdf
DOC0350,CLM176,ClaimForm,2025-12-17,/claim-docs/CLM176/claimform_0350.pdf
DOC0351,CLM177,PhotoEvidence,2025-07-15,/claim-docs/CLM177/photoevidence_0351.pdf
DOC0352,CLM178,PoliceReport,2025-06-10,/claim-docs/CLM178/policereport_0352.pdf
DOC0353,CLM178,MedicalReport,2025-10-20,/claim-docs/CLM178/medicalreport_0353.pdf
DOC0354,CLM179,ClaimForm,2025-03-06,/claim-docs/CLM179/claimform_0354.pdf
DOC0355,CLM180,ClaimForm,2025-11-03,/claim-docs/CLM180/claimform_0355.pdf
DOC0356,CLM180,MedicalReport,2025-08-22,/claim-docs/CLM180/medicalreport_0356.pdf
DOC0357,CLM180,PhotoEvidence,2025-08-20,/claim-docs/CLM180/photoevidence_0357.pdf
DOC0358,CLM181,PhotoEvidence,2025-05-07,/claim-docs/CLM181/photoevidence_0358.pdf
DOC0359,CLM181,RepairEstimate,2025-02-12,/claim-docs/CLM181/repairestimate_0359.pdf
DOC0360,CLM182,ClaimForm,2025-05-22,/claim-docs/CLM182/claimform_0360.pdf
DOC0361,CLM182,RepairEstimate,2025-08-17,/claim-docs/CLM182/repairestimate_0361.pdf
DOC0362,CLM183,MedicalReport,2025-01-08,/claim-docs/CLM183/medicalreport_0362.pdf
DOC0363,CLM183,PhotoEvidence,2025-10-02,/claim-docs/CLM183/photoevidence_0363.pdf
DOC0364,CLM183,ClaimForm,2025-04-10,/claim-docs/CLM183/claimform_0364.pdf
DOC0365,CLM184,PoliceReport,2025-05-10,/claim-docs/CLM184/policereport_0365.pdf
DOC0366,CLM185,ClaimForm,2025-01-16,/claim-docs/CLM185/claimform_0366.pdf
DOC0367,CLM185,PhotoEvidence,2025-03-05,/claim-docs/CLM185/photoevidence_0367.pdf
DOC0368,CLM186,RepairEstimate,2025-12-08,/claim-docs/CLM186/repairestimate_0368.pdf
DOC0369,CLM186,RepairEstimate,2025-09-27,/claim-docs/CLM186/repairestimate_0369.pdf
DOC0370,CLM187,MedicalReport,2025-02-13,/claim-docs/CLM187/medicalreport_0370.pdf
DOC0371,CLM187,ClaimForm,2025-07-01,/claim-docs/CLM187/claimform_0371.pdf
DOC0372,CLM187,PhotoEvidence,2025-02-28,/claim-docs/CLM187/photoevidence_0372.pdf
DOC0373,CLM188,RepairEstimate,2025-07-19,/claim-docs/CLM188/repairestimate_0373.pdf
DOC0374,CLM188,PhotoEvidence,2025-12-21,/claim-docs/CLM188/photoevidence_0374.pdf
DOC0375,CLM189,MedicalReport,2025-02-13,/claim-docs/CLM189/medicalreport_0375.pdf
DOC0376,CLM189,ClaimForm,2025-06-06,/claim-docs/CLM189/claimform_0376.pdf
DOC0377,CLM190,PhotoEvidence,2025-12-12,/claim-docs/CLM190/photoevidence_0377.pdf
DOC0378,CLM190,ClaimForm,2025-07-28,/claim-docs/CLM190/claimform_0378.pdf
DOC0379,CLM190,ClaimForm,2025-04-14,/claim-docs/CLM190/claimform_0379.pdf
DOC0380,CLM191,PhotoEvidence,2025-09-03,/claim-docs/CLM191/photoevidence_0380.pdf
DOC0381,CLM191,PhotoEvidence,2025-05-24,/claim-docs/CLM191/photoevidence_0381.pdf
DOC0382,CLM191,MedicalReport,2025-04-11,/claim-docs/CLM191/medicalreport_0382.pdf
DOC0383,CLM192,ClaimForm,2025-09-21,/claim-docs/CLM192/claimform_0383.pdf
DOC0384,CLM193,RepairEstimate,2025-09-07,/claim-docs/CLM193/repairestimate_0384.pdf
DOC0385,CLM194,MedicalReport,2025-12-27,/claim-docs/CLM194/medicalreport_0385.pdf
DOC0386,CLM194,PoliceReport,2025-04-04,/claim-docs/CLM194/policereport_0386.pdf
DOC0387,CLM195,MedicalReport,2025-04-06,/claim-docs/CLM195/medicalreport_0387.pdf
DOC0388,CLM196,PoliceReport,2025-11-03,/claim-docs/CLM196/policereport_0388.pdf
DOC0389,CLM196,PoliceReport,2025-11-16,/claim-docs/CLM196/policereport_0389.pdf
DOC0390,CLM196,PhotoEvidence,2025-10-25,/claim-docs/CLM196/photoevidence_0390.pdf
DOC0391,CLM197,PhotoEvidence,2025-11-19,/claim-docs/CLM197/photoevidence_0391.pdf
DOC0392,CLM197,RepairEstimate,2025-06-28,/claim-docs/CLM197/repairestimate_0392.pdf
DOC0393,CLM197,MedicalReport,2025-03-15,/claim-docs/CLM197/medicalreport_0393.pdf
DOC0394,CLM198,PhotoEvidence,2025-08-21,/claim-docs/CLM198/photoevidence_0394.pdf
DOC0395,CLM199,MedicalReport,2025-10-02,/claim-docs/CLM199/medicalreport_0395.pdf
DOC0396,CLM199,MedicalReport,2025-09-03,/claim-docs/CLM199/medicalreport_0396.pdf
DOC0397,CLM200,PhotoEvidence,2025-08-02,/claim-docs/CLM200/photoevidence_0397.pdf
DOC0398,CLM200,ClaimForm,2025-06-27,/claim-docs/CLM200/claimform_0398.pdf
DOC0399,CLM201,ClaimForm,2025-11-28,/claim-docs/CLM201/claimform_0399.pdf
DOC0400,CLM201,ClaimForm,2025-10-20,/claim-docs/CLM201/claimform_0400.pdf
DOC0401,CLM202,PhotoEvidence,2025-08-19,/claim-docs/CLM202/photoevidence_0401.pdf
DOC0402,CLM202,RepairEstimate,2025-12-02,/claim-docs/CLM202/repairestimate_0402.pdf
DOC0403,CLM202,PhotoEvidence,2025-10-21,/claim-docs/CLM202/photoevidence_0403.pdf
DOC0404,CLM203,MedicalReport,2025-10-16,/claim-docs/CLM203/medicalreport_0404.pdf
DOC0405,CLM204,PoliceReport,2025-01-15,/claim-docs/CLM204/policereport_0405.pdf
DOC0406,CLM204,ClaimForm,2025-06-23,/claim-docs/CLM204/claimform_0406.pdf
DOC0407,CLM204,ClaimForm,2025-09-21,/claim-docs/CLM204/claimform_0407.pdf
DOC0408,CLM205,ClaimForm,2025-04-23,/claim-docs/CLM205/claimform_0408.pdf
DOC0409,CLM206,PhotoEvidence,2025-09-17,/claim-docs/CLM206/photoevidence_0409.pdf
DOC0410,CLM206,RepairEstimate,2025-03-12,/claim-docs/CLM206/repairestimate_0410.pdf
DOC0411,CLM207,MedicalReport,2025-07-14,/claim-docs/CLM207/medicalreport_0411.pdf
DOC0412,CLM207,MedicalReport,2025-11-20,/claim-docs/CLM207/medicalreport_0412.pdf
DOC0413,CLM208,MedicalReport,2025-02-11,/claim-docs/CLM208/medicalreport_0413.pdf
DOC0414,CLM209,RepairEstimate,2025-11-13,/claim-docs/CLM209/repairestimate_0414.pdf
DOC0415,CLM210,MedicalReport,2025-12-28,/claim-docs/CLM210/medicalreport_0415.pdf
DOC0416,CLM210,RepairEstimate,2025-03-11,/claim-docs/CLM210/repairestimate_0416.pdf
DOC0417,CLM213,RepairEstimate,2025-11-05,/claim-docs/CLM213/repairestimate_0417.pdf
DOC0418,CLM214,MedicalReport,2025-11-23,/claim-docs/CLM214/medicalreport_0418.pdf
DOC0419,CLM214,PhotoEvidence,2025-03-20,/claim-docs/CLM214/photoevidence_0419.pdf
DOC0420,CLM215,ClaimForm,2025-05-18,/claim-docs/CLM215/claimform_0420.pdf
DOC0421,CLM215,PhotoEvidence,2025-11-26,/claim-docs/CLM215/photoevidence_0421.pdf
DOC0422,CLM215,MedicalReport,2025-03-22,/claim-docs/CLM215/medicalreport_0422.pdf
DOC0423,CLM216,RepairEstimate,2025-02-21,/claim-docs/CLM216/repairestimate_0423.pdf
DOC0424,CLM216,PhotoEvidence,2025-09-12,/claim-docs/CLM216/photoevidence_0424.pdf
DOC0425,CLM216,ClaimForm,2025-06-10,/claim-docs/CLM216/claimform_0425.pdf
DOC0426,CLM217,PoliceReport,2025-06-25,/claim-docs/CLM217/policereport_0426.pdf
DOC0427,CLM218,PoliceReport,2025-04-05,/claim-docs/CLM218/policereport_0427.pdf
DOC0428,CLM218,PoliceReport,2025-02-10,/claim-docs/CLM218/policereport_0428.pdf
DOC0429,CLM219,RepairEstimate,2025-09-27,/claim-docs/CLM219/repairestimate_0429.pdf
DOC0430,CLM220,RepairEstimate,2025-01-22,/claim-docs/CLM220/repairestimate_0430.pdf
DOC0431,CLM220,MedicalReport,2025-10-05,/claim-docs/CLM220/medicalreport_0431.pdf
DOC0432,CLM220,RepairEstimate,2025-07-05,/claim-docs/CLM220/repairestimate_0432.pdf
DOC0433,CLM221,PoliceReport,2025-12-25,/claim-docs/CLM221/policereport_0433.pdf
DOC0434,CLM222,PoliceReport,2025-12-15,/claim-docs/CLM222/policereport_0434.pdf
DOC0435,CLM222,ClaimForm,2025-07-12,/claim-docs/CLM222/claimform_0435.pdf
DOC0436,CLM222,PoliceReport,2025-08-20,/claim-docs/CLM222/policereport_0436.pdf
DOC0437,CLM223,PhotoEvidence,2025-04-18,/claim-docs/CLM223/photoevidence_0437.pdf
DOC0438,CLM223,PoliceReport,2025-05-26,/claim-docs/CLM223/policereport_0438.pdf
DOC0439,CLM224,PoliceReport,2025-06-22,/claim-docs/CLM224/policereport_0439.pdf
DOC0440,CLM224,RepairEstimate,2025-08-15,/claim-docs/CLM224/repairestimate_0440.pdf
DOC0441,CLM225,PhotoEvidence,2025-09-17,/claim-docs/CLM225/photoevidence_0441.pdf
DOC0442,CLM225,PhotoEvidence,2025-03-27,/claim-docs/CLM225/photoevidence_0442.pdf
DOC0443,CLM226,RepairEstimate,2025-03-28,/claim-docs/CLM226/repairestimate_0443.pdf
DOC0444,CLM227,ClaimForm,2025-11-16,/claim-docs/CLM227/claimform_0444.pdf
DOC0445,CLM227,MedicalReport,2025-09-04,/claim-docs/CLM227/medicalreport_0445.pdf
DOC0446,CLM228,RepairEstimate,2025-02-10,/claim-docs/CLM228/repairestimate_0446.pdf
DOC0447,CLM228,ClaimForm,2025-03-09,/claim-docs/CLM228/claimform_0447.pdf
DOC0448,CLM228,PhotoEvidence,2025-09-05,/claim-docs/CLM228/photoevidence_0448.pdf
DOC0449,CLM229,ClaimForm,2025-04-27,/claim-docs/CLM229/claimform_0449.pdf
DOC0450,CLM229,PhotoEvidence,2025-06-01,/claim-docs/CLM229/photoevidence_0450.pdf
DOC0451,CLM230,ClaimForm,2025-07-17,/claim-docs/CLM230/claimform_0451.pdf
DOC0452,CLM230,MedicalReport,2025-04-13,/claim-docs/CLM230/medicalreport_0452.pdf
DOC0453,CLM231,MedicalReport,2025-04-01,/claim-docs/CLM231/medicalreport_0453.pdf
DOC0454,CLM232,ClaimForm,2025-12-21,/claim-docs/CLM232/claimform_0454.pdf
DOC0455,CLM232,MedicalReport,2025-03-05,/claim-docs/CLM232/medicalreport_0455.pdf
DOC0456,CLM233,MedicalReport,2025-08-23,/claim-docs/CLM233/medicalreport_0456.pdf
DOC0457,CLM234,PhotoEvidence,2025-08-20,/claim-docs/CLM234/photoevidence_0457.pdf
DOC0458,CLM235,ClaimForm,2025-01-09,/claim-docs/CLM235/claimform_0458.pdf
DOC0459,CLM236,PoliceReport,2025-09-24,/claim-docs/CLM236/policereport_0459.pdf
DOC0460,CLM237,RepairEstimate,2025-07-04,/claim-docs/CLM237/repairestimate_0460.pdf
DOC0461,CLM237,MedicalReport,2025-04-10,/claim-docs/CLM237/medicalreport_0461.pdf
DOC0462,CLM237,ClaimForm,2025-01-08,/claim-docs/CLM237/claimform_0462.pdf
DOC0463,CLM238,RepairEstimate,2025-08-03,/claim-docs/CLM238/repairestimate_0463.pdf
DOC0464,CLM238,ClaimForm,2025-08-20,/claim-docs/CLM238/claimform_0464.pdf
DOC0465,CLM239,ClaimForm,2025-11-17,/claim-docs/CLM239/claimform_0465.pdf
DOC0466,CLM239,RepairEstimate,2025-04-23,/claim-docs/CLM239/repairestimate_0466.pdf
DOC0467,CLM239,PoliceReport,2025-05-14,/claim-docs/CLM239/policereport_0467.pdf
DOC0468,CLM240,RepairEstimate,2025-06-08,/claim-docs/CLM240/repairestimate_0468.pdf
DOC0469,CLM241,PhotoEvidence,2025-03-22,/claim-docs/CLM241/photoevidence_0469.pdf
DOC0470,CLM241,ClaimForm,2025-09-12,/claim-docs/CLM241/claimform_0470.pdf
DOC0471,CLM241,ClaimForm,2025-09-18,/claim-docs/CLM241/claimform_0471.pdf
DOC0472,CLM243,RepairEstimate,2025-09-01,/claim-docs/CLM243/repairestimate_0472.pdf
DOC0473,CLM243,PhotoEvidence,2025-08-02,/claim-docs/CLM243/photoevidence_0473.pdf
DOC0474,CLM243,PhotoEvidence,2025-06-09,/claim-docs/CLM243/photoevidence_0474.pdf
DOC0475,CLM244,ClaimForm,2025-06-26,/claim-docs/CLM244/claimform_0475.pdf
DOC0476,CLM244,ClaimForm,2025-06-08,/claim-docs/CLM244/claimform_0476.pdf
DOC0477,CLM244,ClaimForm,2025-10-24,/claim-docs/CLM244/claimform_0477.pdf
DOC0478,CLM245,PoliceReport,2025-01-12,/claim-docs/CLM245/policereport_0478.pdf
DOC0479,CLM245,RepairEstimate,2025-06-27,/claim-docs/CLM245/repairestimate_0479.pdf
DOC0480,CLM246,PoliceReport,2025-11-15,/claim-docs/CLM246/policereport_0480.pdf
DOC0481,CLM246,PhotoEvidence,2025-11-06,/claim-docs/CLM246/photoevidence_0481.pdf
DOC0482,CLM246,PoliceReport,2025-02-23,/claim-docs/CLM246/policereport_0482.pdf
DOC0483,CLM247,ClaimForm,2025-05-07,/claim-docs/CLM247/claimform_0483.pdf
DOC0484,CLM247,ClaimForm,2025-04-02,/claim-docs/CLM247/claimform_0484.pdf
DOC0485,CLM248,MedicalReport,2025-09-13,/claim-docs/CLM248/medicalreport_0485.pdf
DOC0486,CLM248,RepairEstimate,2025-08-09,/claim-docs/CLM248/repairestimate_0486.pdf
DOC0487,CLM249,PoliceReport,2025-05-12,/claim-docs/CLM249/policereport_0487.pdf
DOC0488,CLM250,MedicalReport,2025-05-04,/claim-docs/CLM250/medicalreport_0488.pdf
DOC0489,CLM251,PhotoEvidence,2025-07-24,/claim-docs/CLM251/photoevidence_0489.pdf
DOC0490,CLM251,PhotoEvidence,2025-07-11,/claim-docs/CLM251/photoevidence_0490.pdf
DOC0491,CLM252,PhotoEvidence,2025-12-16,/claim-docs/CLM252/photoevidence_0491.pdf
DOC0492,CLM253,RepairEstimate,2025-05-26,/claim-docs/CLM253/repairestimate_0492.pdf
DOC0493,CLM253,ClaimForm,2025-12-14,/claim-docs/CLM253/claimform_0493.pdf
DOC0494,CLM254,PhotoEvidence,2025-10-27,/claim-docs/CLM254/photoevidence_0494.pdf
DOC0495,CLM255,RepairEstimate,2025-05-11,/claim-docs/CLM255/repairestimate_0495.pdf
DOC0496,CLM256,ClaimForm,2025-06-22,/claim-docs/CLM256/claimform_0496.pdf
DOC0497,CLM258,MedicalReport,2025-08-20,/claim-docs/CLM258/medicalreport_0497.pdf
DOC0498,CLM258,PhotoEvidence,2025-03-23,/claim-docs/CLM258/photoevidence_0498.pdf
DOC0499,CLM259,MedicalReport,2025-08-02,/claim-docs/CLM259/medicalreport_0499.pdf
DOC0500,CLM259,MedicalReport,2025-10-14,/claim-docs/CLM259/medicalreport_0500.pdf
DOC0501,CLM260,ClaimForm,2025-02-22,/claim-docs/CLM260/claimform_0501.pdf
DOC0502,CLM260,PhotoEvidence,2025-06-17,/claim-docs/CLM260/photoevidence_0502.pdf
DOC0503,CLM261,PoliceReport,2025-01-05,/claim-docs/CLM261/policereport_0503.pdf
DOC0504,CLM261,RepairEstimate,2025-11-26,/claim-docs/CLM261/repairestimate_0504.pdf
DOC0505,CLM261,PhotoEvidence,2025-01-05,/claim-docs/CLM261/photoevidence_0505.pdf
DOC0506,CLM262,PoliceReport,2025-11-12,/claim-docs/CLM262/policereport_0506.pdf
DOC0507,CLM263,PhotoEvidence,2025-10-02,/claim-docs/CLM263/photoevidence_0507.pdf
DOC0508,CLM263,RepairEstimate,2025-03-22,/claim-docs/CLM263/repairestimate_0508.pdf
DOC0509,CLM264,MedicalReport,2025-06-15,/claim-docs/CLM264/medicalreport_0509.pdf
DOC0510,CLM264,ClaimForm,2025-10-05,/claim-docs/CLM264/claimform_0510.pdf
DOC0511,CLM265,MedicalReport,2025-07-11,/claim-docs/CLM265/medicalreport_0511.pdf
DOC0512,CLM265,MedicalReport,2025-04-04,/claim-docs/CLM265/medicalreport_0512.pdf
DOC0513,CLM265,ClaimForm,2025-12-06,/claim-docs/CLM265/claimform_0513.pdf
DOC0514,CLM266,RepairEstimate,2025-07-18,/claim-docs/CLM266/repairestimate_0514.pdf
DOC0515,CLM266,ClaimForm,2025-05-25,/claim-docs/CLM266/claimform_0515.pdf
DOC0516,CLM267,PhotoEvidence,2025-04-20,/claim-docs/CLM267/photoevidence_0516.pdf
DOC0517,CLM267,MedicalReport,2025-12-16,/claim-docs/CLM267/medicalreport_0517.pdf
DOC0518,CLM268,ClaimForm,2025-03-28,/claim-docs/CLM268/claimform_0518.pdf
DOC0519,CLM269,PhotoEvidence,2025-03-23,/claim-docs/CLM269/photoevidence_0519.pdf
DOC0520,CLM270,ClaimForm,2025-11-28,/claim-docs/CLM270/claimform_0520.pdf
DOC0521,CLM270,MedicalReport,2025-11-12,/claim-docs/CLM270/medicalreport_0521.pdf
DOC0522,CLM271,ClaimForm,2025-09-18,/claim-docs/CLM271/claimform_0522.pdf
DOC0523,CLM271,MedicalReport,2025-05-28,/claim-docs/CLM271/medicalreport_0523.pdf
DOC0524,CLM271,PoliceReport,2025-12-23,/claim-docs/CLM271/policereport_0524.pdf
DOC0525,CLM272,PoliceReport,2025-06-17,/claim-docs/CLM272/policereport_0525.pdf
DOC0526,CLM272,PoliceReport,2025-02-07,/claim-docs/CLM272/policereport_0526.pdf
DOC0527,CLM272,PoliceReport,2025-04-26,/claim-docs/CLM272/policereport_0527.pdf
DOC0528,CLM273,ClaimForm,2025-06-18,/claim-docs/CLM273/claimform_0528.pdf
DOC0529,CLM273,RepairEstimate,2025-06-15,/claim-docs/CLM273/repairestimate_0529.pdf
DOC0530,CLM274,PoliceReport,2025-10-03,/claim-docs/CLM274/policereport_0530.pdf
DOC0531,CLM274,ClaimForm,2025-05-13,/claim-docs/CLM274/claimform_0531.pdf
DOC0532,CLM274,PhotoEvidence,2025-09-14,/claim-docs/CLM274/photoevidence_0532.pdf
DOC0533,CLM275,RepairEstimate,2025-02-05,/claim-docs/CLM275/repairestimate_0533.pdf
DOC0534,CLM275,MedicalReport,2025-11-03,/claim-docs/CLM275/medicalreport_0534.pdf
DOC0535,CLM276,PhotoEvidence,2025-11-17,/claim-docs/CLM276/photoevidence_0535.pdf
DOC0536,CLM276,MedicalReport,2025-03-27,/claim-docs/CLM276/medicalreport_0536.pdf
DOC0537,CLM277,RepairEstimate,2025-03-25,/claim-docs/CLM277/repairestimate_0537.pdf
DOC0538,CLM277,PoliceReport,2025-07-17,/claim-docs/CLM277/policereport_0538.pdf
DOC0539,CLM277,ClaimForm,2025-02-17,/claim-docs/CLM277/claimform_0539.pdf
DOC0540,CLM278,MedicalReport,2025-03-06,/claim-docs/CLM278/medicalreport_0540.pdf
DOC0541,CLM279,PoliceReport,2025-06-17,/claim-docs/CLM279/policereport_0541.pdf
DOC0542,CLM279,MedicalReport,2025-02-09,/claim-docs/CLM279/medicalreport_0542.pdf
DOC0543,CLM280,RepairEstimate,2025-05-05,/claim-docs/CLM280/repairestimate_0543.pdf
DOC0544,CLM281,MedicalReport,2025-10-18,/claim-docs/CLM281/medicalreport_0544.pdf
DOC0545,CLM281,ClaimForm,2025-09-21,/claim-docs/CLM281/claimform_0545.pdf
DOC0546,CLM281,PoliceReport,2025-10-19,/claim-docs/CLM281/policereport_0546.pdf
DOC0547,CLM282,PoliceReport,2025-11-20,/claim-docs/CLM282/policereport_0547.pdf
DOC0548,CLM283,RepairEstimate,2025-06-27,/claim-docs/CLM283/repairestimate_0548.pdf
DOC0549,CLM283,RepairEstimate,2025-01-27,/claim-docs/CLM283/repairestimate_0549.pdf
DOC0550,CLM283,ClaimForm,2025-02-02,/claim-docs/CLM283/claimform_0550.pdf
DOC0551,CLM284,RepairEstimate,2025-05-21,/claim-docs/CLM284/repairestimate_0551.pdf
DOC0552,CLM284,PoliceReport,2025-10-14,/claim-docs/CLM284/policereport_0552.pdf
DOC0553,CLM284,RepairEstimate,2025-11-01,/claim-docs/CLM284/repairestimate_0553.pdf
DOC0554,CLM285,RepairEstimate,2025-05-21,/claim-docs/CLM285/repairestimate_0554.pdf
DOC0555,CLM285,MedicalReport,2025-08-08,/claim-docs/CLM285/medicalreport_0555.pdf
DOC0556,CLM286,PhotoEvidence,2025-05-15,/claim-docs/CLM286/photoevidence_0556.pdf
DOC0557,CLM286,ClaimForm,2025-12-02,/claim-docs/CLM286/claimform_0557.pdf
DOC0558,CLM286,PoliceReport,2025-08-14,/claim-docs/CLM286/policereport_0558.pdf
DOC0559,CLM287,PhotoEvidence,2025-04-11,/claim-docs/CLM287/photoevidence_0559.pdf
DOC0560,CLM287,RepairEstimate,2025-03-11,/claim-docs/CLM287/repairestimate_0560.pdf
DOC0561,CLM288,MedicalReport,2025-12-28,/claim-docs/CLM288/medicalreport_0561.pdf
DOC0562,CLM288,MedicalReport,2025-07-05,/claim-docs/CLM288/medicalreport_0562.pdf
DOC0563,CLM288,MedicalReport,2025-09-18,/claim-docs/CLM288/medicalreport_0563.pdf
DOC0564,CLM289,MedicalReport,2025-04-15,/claim-docs/CLM289/medicalreport_0564.pdf
DOC0565,CLM290,MedicalReport,2025-08-08,/claim-docs/CLM290/medicalreport_0565.pdf
DOC0566,CLM291,ClaimForm,2025-01-10,/claim-docs/CLM291/claimform_0566.pdf
DOC0567,CLM292,RepairEstimate,2025-07-08,/claim-docs/CLM292/repairestimate_0567.pdf
DOC0568,CLM292,PoliceReport,2025-06-19,/claim-docs/CLM292/policereport_0568.pdf
DOC0569,CLM293,MedicalReport,2025-04-25,/claim-docs/CLM293/medicalreport_0569.pdf
DOC0570,CLM293,PoliceReport,2025-08-17,/claim-docs/CLM293/policereport_0570.pdf
DOC0571,CLM293,PhotoEvidence,2025-08-10,/claim-docs/CLM293/photoevidence_0571.pdf
DOC0572,CLM294,ClaimForm,2025-02-13,/claim-docs/CLM294/claimform_0572.pdf
DOC0573,CLM294,RepairEstimate,2025-08-08,/claim-docs/CLM294/repairestimate_0573.pdf
DOC0574,CLM295,RepairEstimate,2025-06-02,/claim-docs/CLM295/repairestimate_0574.pdf
DOC0575,CLM296,MedicalReport,2025-08-20,/claim-docs/CLM296/medicalreport_0575.pdf
DOC0576,CLM297,PhotoEvidence,2025-05-18,/claim-docs/CLM297/photoevidence_0576.pdf
DOC0577,CLM297,ClaimForm,2025-02-14,/claim-docs/CLM297/claimform_0577.pdf
DOC0578,CLM297,PoliceReport,2025-05-24,/claim-docs/CLM297/policereport_0578.pdf
DOC0579,CLM298,PhotoEvidence,2025-06-02,/claim-docs/CLM298/photoevidence_0579.pdf
DOC0580,CLM298,PhotoEvidence,2025-01-19,/claim-docs/CLM298/photoevidence_0580.pdf
DOC0581,CLM299,PoliceReport,2025-06-18,/claim-docs/CLM299/policereport_0581.pdf
DOC0582,CLM299,MedicalReport,2025-02-13,/claim-docs/CLM299/medicalreport_0582.pdf
DOC0583,CLM299,RepairEstimate,2025-08-25,/claim-docs/CLM299/repairestimate_0583.pdf
DOC0584,CLM300,MedicalReport,2025-10-22,/claim-docs/CLM300/medicalreport_0584.pdf
DOC0585,CLM300,RepairEstimate,2025-02-05,/claim-docs/CLM300/repairestimate_0585.pdf
DOC0586,CLM300,ClaimForm,2025-07-12,/claim-docs/CLM300/claimform_0586.pdf
