paymentId,claimId,amount,paymentDate,paymentStatus
PAY001,CLM192,4368,2025-09-24,Pending
PAY002,CLM164,8704,2025-01-04,Pending
PAY003,CLM263,10245,2025-07-11,Pending
PAY004,CLM259,12803,2025-05-25,Completed
PAY005,CLM269,4002,2025-05-22,Completed
PAY006,CLM126,21732,2025-12-31,Completed
PAY007,CLM079,15195,2025-01-30,Pending
PAY008,CLM166,23558,2025-12-15,Completed
PAY009,CLM281,2642,2025-06-01,Completed
PAY010,CLM173,3340,2025-01-19,Pending
PAY011,CLM277,21052,2025-04-08,Completed
PAY012,CLM281,3783,2025-12-18,Pending
PAY013,CLM257,23016,2025-12-10,Completed
PAY014,CLM211,17061,2025-03-29,Pending
PAY015,CLM076,1015,2025-08-30,Completed
PAY016,CLM287,7969,2025-10-14,Completed
PAY017,CLM269,9131,2025-12-02,Completed
PAY018,CLM096,23867,2025-06-07,Completed
PAY019,CLM299,777,2025-07-10,Completed
PAY020,CLM227,7535,2025-03-02,Completed
PAY021,CLM017,9985,2025-10-26,Pending
PAY022,CLM243,10366,2025-09-14,Completed
PAY023,CLM269,9131,2025-06-02,Completed
PAY024,CLM017,9985,2025-03-19,Completed
PAY025,CLM088,10805,2025-10-19,Completed
PAY026,CLM063,23561,2025-04-03,Completed
PAY027,CLM205,8532,2025-04-01,Completed
PAY028,CLM257,15449,2025-04-18,Completed
PAY029,CLM225,55212,2025-09-08,Completed
PAY030,CLM059,6741,2025-11-21,Completed
PAY031,CLM166,23558,2025-09-02,Completed
PAY032,CLM001,9092,2025-07-11,Completed
PAY033,CLM137,14362,2025-09-29,Completed
PAY034,CLM004,6800,2025-11-17,Completed
PAY035,CLM096,23867,2025-06-26,Completed
PAY036,CLM059,4732,2025-06-06,Completed
PAY037,CLM026,23200,2025-06-02,Completed
PAY038,CLM190,23486,2025-11-02,Pending
PAY039,CLM144,19266,2025-12-18,Completed
PAY040,CLM144,19266,2025-09-08,Completed
PAY041,CLM292,8405,2025-07-26,Completed
PAY042,CLM097,21271,2025-03-09,Completed
PAY043,CLM283,11244,2025-03-05,Completed
PAY044,CLM278,2695,2025-01-20,Completed
PAY045,CLM257,23016,2025-10-01,Pending
PAY046,CLM017,9985,2025-01-25,Completed
PAY047,CLM261,14727,2025-01-25,Completed
PAY048,CLM173,3340,2025-03-05,Pending
PAY049,CLM117,3284,2025-03-20,Completed
PAY050,CLM275,54429,2025-01-05,Completed
PAY051,CLM173,3340,2025-12-06,Pending
PAY052,CLM125,10339,2025-12-25,Completed
PAY053,CLM173,3340,2025-02-23,Pending
PAY054,CLM281,3783,2025-05-25,Completed
PAY055,CLM299,403,2025-04-13,Completed
PAY056,CLM215,31925,2025-07-03,Completed
PAY057,CLM130,17196,2025-04-17,Completed
PAY058,CLM139,12264,2025-01-07,Completed
PAY059,CLM050,9978,2025-12-09,Completed
PAY060,CLM067,14063,2025-09-19,Completed
PAY061,CLM281,3783,2025-05-12,Completed
PAY062,CLM190,23486,2025-06-01,Completed
PAY063,CLM192,3878,2025-01-21,Completed
PAY064,CLM153,4848,2025-06-10,Completed
PAY065,CLM287,7258,2025-01-24,Completed
PAY066,CLM062,24796,2025-03-29,Completed
PAY067,CLM152,51975,2025-11-15,Completed
PAY068,CLM283,14224,2025-04-04,Completed
PAY069,CLM166,23558,2025-08-22,Completed
PAY070,CLM161,2086,2025-09-02,Completed
PAY071,CLM261,14727,2025-03-27,Completed
PAY072,CLM059,6741,2025-01-31,Completed
PAY073,CLM047,1012,2025-10-30,Completed
PAY074,CLM224,15030,2025-04-03,Pending
PAY075,CLM160,19437,2025-11-10,Completed
PAY076,CLM269,9131,2025-03-08,Completed
PAY077,CLM205,5518,2025-01-24,Completed
PAY078,CLM118,20576,2025-01-07,Pending
PAY079,CLM297,21713,2025-10-17,Completed
PAY080,CLM264,16587,2025-09-23,Pending
PAY081,CLM275,54429,2025-02-18,Completed
PAY082,CLM263,10245,2025-09-04,Completed
PAY083,CLM263,10245,2025-07-17,Completed
PAY084,CLM223,8981,2025-11-10,Completed
PAY085,CLM002,10781,2025-03-22,Pending
PAY086,CLM195,8859,2025-03-26,Completed
PAY087,CLM292,8675,2025-05-04,Completed
PAY088,CLM126,11597,2025-11-26,Completed
PAY089,CLM166,23558,2025-02-10,Completed
PAY090,CLM185,10655,2025-08-18,Completed
PAY091,CLM209,3548,2025-03-02,Completed
PAY092,CLM290,17384,2025-02-22,Completed
PAY093,CLM170,7517,2025-02-16,Pending
PAY094,CLM243,11103,2025-09-18,Pending
PAY095,CLM091,24739,2025-08-22,Completed
PAY096,CLM153,4848,2025-04-25,Completed
PAY097,CLM139,12264,2025-11-14,Pending
PAY098,CLM195,8859,2025-07-06,Completed
PAY099,CLM050,7936,2025-01-02,Completed
PAY100,CLM152,51975,2025-05-30,Pending
PAY101,CLM215,31925,2025-02-24,Completed
PAY102,CLM074,40168,2025-07-29,Completed
PAY103,CLM117,3284,2025-04-07,Completed
PAY104,CLM164,8704,2025-04-08,Completed
PAY105,CLM047,1012,2025-01-24,Pending
PAY106,CLM058,21691,2025-08-19,Completed
PAY107,CLM263,10245,2025-09-16,Completed
PAY108,CLM209,2986,2025-10-11,Completed
PAY109,CLM227,7535,2025-09-18,Completed
PAY110,CLM275,54429,2025-03-07,Completed
PAY111,CLM161,2086,2025-11-07,Completed
PAY112,CLM211,17061,2025-08-03,Pending
PAY113,CLM275,54429,2025-05-21,Completed
PAY114,CLM144,19266,2025-08-20,Completed
PAY115,CLM062,24796,2025-12-25,Pending
PAY116,CLM131,18092,2025-10-08,Completed
PAY117,CLM278,2695,2025-10-11,Completed
PAY118,CLM088,10805,2025-05-29,Completed
PAY119,CLM265,46665,2025-04-02,Pending
PAY120,CLM218,11241,2025-06-15,Completed
PAY121,CLM296,13166,2025-09-03,Pending
PAY122,CLM225,55212,2025-12-30,Completed
PAY123,CLM265,56479,2025-10-01,Completed
PAY124,CLM176,23125,2025-09-25,Completed
PAY125,CLM009,7511,2025-01-28,Completed
PAY126,CLM088,10805,2025-03-24,Completed
PAY127,CLM269,9131,2025-02-01,Completed
PAY128,CLM091,24739,2025-01-17,Completed
PAY129,CLM188,13570,2025-10-15,Completed
PAY130,CLM290,17384,2025-07-19,Completed
PAY131,CLM214,8154,2025-12-23,Completed
PAY132,CLM275,54429,2025-07-15,Completed
PAY133,CLM173,3340,2025-12-17,Completed
PAY134,CLM221,4299,2025-04-14,Pending
PAY135,CLM298,22854,2025-08-15,Completed
PAY136,CLM257,23016,2025-11-28,Completed
PAY137,CLM292,8675,2025-11-05,Completed
PAY138,CLM298,22854,2025-04-10,Completed
PAY139,CLM188,11931,2025-04-06,Completed
PAY140,CLM287,7969,2025-07-13,Completed
PAY141,CLM176,23125,2025-05-16,Completed
PAY142,CLM071,12040,2025-05-11,Completed
PAY143,CLM139,12264,2025-03-21,Completed
PAY144,CLM067,14063,2025-11-02,Completed
PAY145,CLM298,22854,2025-11-12,Completed
PAY146,CLM205,8532,2025-10-09,Completed
PAY147,CLM029,16169,2025-06-12,Pending
PAY148,CLM096,23867,2025-09-24,Completed
PAY149,CLM299,777,2025-08-01,Pending
PAY150,CLM217,3462,2025-06-28,Completed
PAY151,CLM092,11833,2025-06-19,Completed
PAY152,CLM130,23592,2025-11-13,Pending
PAY153,CLM195,8859,2025-11-29,Completed
PAY154,CLM050,9978,2025-08-17,Completed
PAY155,CLM259,12803,2025-11-15,Completed
PAY156,CLM016,6260,2025-06-14,Completed
PAY157,CLM050,9978,2025-10-04,Completed
PAY158,CLM009,7511,2025-07-11,Pending
PAY159,CLM214,8154,2025-01-23,Completed
PAY160,CLM261,10432,2025-02-19,Completed
PAY161,CLM297,21713,2025-01-04,Completed
PAY162,CLM091,24739,2025-04-20,Completed
PAY163,CLM047,1012,2025-12-26,Completed
PAY164,CLM259,12803,2025-02-06,Completed
PAY165,CLM009,7511,2025-06-19,Completed
PAY166,CLM045,4067,2025-05-09,Pending
PAY167,CLM029,16169,2025-04-27,Completed
PAY168,CLM170,10305,2025-11-19,Completed
PAY169,CLM181,22878,2025-07-19,Completed
PAY170,CLM217,2881,2025-02-02,Pending
PAY171,CLM016,6260,2025-02-07,Completed
PAY172,CLM211,14879,2025-06-04,Pending
PAY173,CLM045,8025,2025-08-13,Completed
PAY174,CLM164,8704,2025-01-16,Completed
PAY175,CLM071,12040,2025-03-11,Completed
PAY176,CLM218,11241,2025-11-21,Completed
PAY177,CLM131,18092,2025-11-28,Completed
PAY178,CLM002,10781,2025-10-12,Completed
PAY179,CLM058,16130,2025-07-21,Pending
PAY180,CLM221,5080,2025-06-06,Completed
PAY181,CLM290,17384,2025-06-26,Completed
PAY182,CLM170,10305,2025-09-20,Completed
PAY183,CLM071,9272,2025-05-10,Completed
PAY184,CLM050,8779,2025-01-28,Pending
PAY185,CLM192,4368,2025-02-07,Completed
PAY186,CLM264,7612,2025-10-25,Completed
PAY187,CLM139,12264,2025-12-10,Completed
PAY188,CLM046,24257,2025-02-05,Completed
PAY189,CLM135,10762,2025-06-18,Pending
PAY190,CLM263,10245,2025-10-27,Completed
PAY191,CLM224,15030,2025-06-11,Completed
PAY192,CLM074,22000,2025-04-24,Completed
PAY193,CLM126,21732,2025-03-10,Completed
PAY194,CLM196,17173,2025-07-03,Completed
PAY195,CLM205,8532,2025-03-31,Pending
PAY196,CLM033,58128,2025-03-13,Pending
PAY197,CLM088,10805,2025-11-17,Completed
PAY198,CLM283,6579,2025-09-17,Completed
PAY199,CLM227,7535,2025-10-30,Completed
PAY200,CLM010,4998,2025-10-06,Pending
PAY201,CLM195,8859,2025-03-18,Completed
PAY202,CLM164,8704,2025-10-29,Completed
PAY203,CLM062,24796,2025-09-19,Completed
PAY204,CLM164,8704,2025-01-06,Completed
PAY205,CLM236,24651,2025-09-21,Completed
PAY206,CLM188,10903,2025-10-17,Completed
PAY207,CLM287,7969,2025-07-03,Completed
PAY208,CLM096,23867,2025-04-29,Completed
PAY209,CLM118,20576,2025-01-22,Completed
PAY210,CLM215,31925,2025-07-04,Completed
PAY211,CLM195,8859,2025-01-24,Completed
PAY212,CLM261,14727,2025-12-27,Pending
PAY213,CLM257,23016,2025-05-15,Pending
PAY214,CLM218,11241,2025-07-12,Completed
PAY215,CLM153,4848,2025-02-09,Pending
PAY216,CLM117,3284,2025-04-25,Pending
PAY217,CLM166,23558,2025-06-26,Completed
PAY218,CLM196,17173,2025-01-04,Pending
PAY219,CLM062,24796,2025-04-28,Completed
PAY220,CLM214,8154,2025-04-19,Completed
PAY221,CLM076,773,2025-03-02,Completed
PAY222,CLM173,3340,2025-02-28,Completed
PAY223,CLM265,56479,2025-04-18,Pending
PAY224,CLM071,12040,2025-07-30,Completed
PAY225,CLM114,16432,2025-03-24,Completed
PAY226,CLM253,9190,2025-10-21,Completed
PAY227,CLM023,29798,2025-09-22,Completed
PAY228,CLM233,7676,2025-11-23,Completed
PAY229,CLM281,3783,2025-05-26,Completed
PAY230,CLM092,11833,2025-08-30,Completed
PAY231,CLM074,40168,2025-07-30,Pending
PAY232,CLM063,23561,2025-04-04,Pending
PAY233,CLM263,10245,2025-03-27,Completed
PAY234,CLM190,23486,2025-02-05,Completed
PAY235,CLM160,19437,2025-02-25,Completed
PAY236,CLM088,10805,2025-09-16,Completed
PAY237,CLM067,14063,2025-04-01,Completed
PAY238,CLM236,24651,2025-09-30,Pending
PAY239,CLM292,5980,2025-03-08,Pending
PAY240,CLM218,11241,2025-12-14,Completed
PAY241,CLM215,31925,2025-01-23,Pending
PAY242,CLM176,23125,2025-09-04,Completed
PAY243,CLM149,5062,2025-12-23,Pending
PAY244,CLM046,24257,2025-05-11,Completed
PAY245,CLM297,21713,2025-02-12,Completed
PAY246,CLM233,7676,2025-07-29,Completed
PAY247,CLM079,14963,2025-01-04,Pending
PAY248,CLM215,12908,2025-12-02,Completed
PAY249,CLM275,54429,2025-07-29,Completed
PAY250,CLM047,800,2025-05-10,Completed
PAY251,CLM217,3462,2025-07-07,Pending
PAY252,CLM126,21732,2025-07-23,Completed
PAY253,CLM170,10305,2025-10-13,Completed
PAY254,CLM075,12729,2025-10-12,Completed
PAY255,CLM117,3284,2025-10-23,Completed
PAY256,CLM298,22854,2025-03-12,Completed
PAY257,CLM290,17384,2025-12-25,Completed
PAY258,CLM046,24257,2025-07-25,Completed
PAY259,CLM221,5080,2025-12-17,Completed
PAY260,CLM071,12040,2025-11-22,Completed
PAY261,CLM045,8025,2025-08-30,Pending
PAY262,CLM181,12763,2025-07-09,Completed
PAY263,CLM235,2384,2025-07-25,Pending
PAY264,CLM261,14727,2025-12-31,Pending
PAY265,CLM023,31252,2025-03-31,Completed
PAY266,CLM185,9700,2025-09-23,Completed
PAY267,CLM079,13434,2025-09-22,Completed
PAY268,CLM236,10394,2025-05-03,Completed
PAY269,CLM071,6809,2025-07-24,Completed
PAY270,CLM264,16587,2025-10-28,Completed
PAY271,CLM215,26248,2025-02-16,Pending
PAY272,CLM127,18584,2025-10-14,Pending
PAY273,CLM149,5062,2025-05-22,Completed
PAY274,CLM235,3781,2025-08-21,Completed
PAY275,CLM225,27883,2025-09-17,Completed
PAY276,CLM223,5178,2025-03-01,Pending
PAY277,CLM117,3284,2025-10-22,Completed
PAY278,CLM275,54429,2025-07-13,Pending
PAY279,CLM196,17173,2025-06-23,Completed
PAY280,CLM269,9131,2025-10-28,Completed
PAY281,CLM196,7565,2025-11-21,Completed
PAY282,CLM265,56479,2025-06-11,Completed
PAY283,CLM152,51975,2025-01-05,Completed
PAY284,CLM114,22083,2025-07-24,Completed
PAY285,CLM029,16169,2025-04-02,Completed
PAY286,CLM135,10762,2025-10-21,Completed
PAY287,CLM076,1015,2025-12-16,Completed
PAY288,CLM209,3548,2025-05-01,Completed
PAY289,CLM118,20576,2025-04-14,Completed
PAY290,CLM243,11103,2025-02-24,Completed
PAY291,CLM033,58128,2025-12-06,Completed
PAY292,CLM236,22537,2025-01-22,Completed
PAY293,CLM159,14578,2025-09-10,Pending
PAY294,CLM126,21732,2025-09-19,Completed
PAY295,CLM164,8704,2025-10-23,Completed
PAY296,CLM017,9985,2025-08-05,Completed
PAY297,CLM218,6839,2025-12-18,Completed
PAY298,CLM190,23486,2025-12-24,Pending
PAY299,CLM190,23486,2025-01-05,Completed
PAY300,CLM265,56479,2025-10-25,Completed
