policyId,policyholderId,policyLimit,coverageType,startDate,endDate
POL001,PH241,25000,Auto,2024-10-25,2025-10-25
POL002,PH148,60000,Home,2025-12-24,2026-12-24
POL003,PH037,50000,Home,2025-12-04,2026-12-04
POL004,PH102,30000,Auto,2025-03-11,2026-03-11
POL005,PH077,40000,Auto,2024-09-29,2025-09-29
POL006,PH031,60000,Home,2024-06-18,2025-06-18
POL007,PH225,150000,Home,2024-05-07,2025-05-07
POL008,PH207,150000,Home,2024-10-05,2025-10-05
POL009,PH042,25000,Home,2025-09-04,2026-09-04
POL010,PH166,60000,Auto,2025-09-10,2026-09-10
POL011,PH047,25000,Home,2024-08-22,2025-08-22
POL012,PH296,40000,Home,2024-02-11,2025-02-10
POL013,PH266,150000,Home,2025-10-29,2026-10-29
POL014,PH093,100000,Home,2025-08-22,2026-08-22
POL015,PH047,75000,Home,2025-04-26,2026-04-26
POL016,PH171,30000,Auto,2024-11-24,2025-11-24
POL017,PH169,150000,Home,2025-02-25,2026-02-25
POL018,PH206,25000,Home,2025-07-17,2026-07-17
POL019,PH046,60000,Home,2024-11-18,2025-11-18
POL020,PH060,25000,Home,2025-02-17,2026-02-17
POL021,PH212,50000,Home,2024-02-25,2025-02-24
POL022,PH256,150000,Auto,2025-10-02,2026-10-02
POL023,PH105,40000,Home,2024-09-30,2025-09-30
POL024,PH225,150000,Auto,2025-12-16,2026-12-16
POL025,PH015,50000,Auto,2025-10-07,2026-10-07
POL026,PH160,25000,Home,2025-07-18,2026-07-18
POL027,PH048,30000,Home,2024-08-18,2025-08-18
POL028,PH061,40000,Home,2025-10-25,2026-10-25
POL029,PH150,60000,Home,2025-06-05,2026-06-05
POL030,PH248,50000,Home,2025-04-28,2026-04-28
POL031,PH283,100000,Auto,2024-05-28,2025-05-28
POL032,PH261,30000,Home,2024-05-19,2025-05-19
POL033,PH213,60000,Auto,2024-12-14,2025-12-14
POL034,PH145,150000,Auto,2024-11-01,2025-11-01
POL035,PH229,150000,Home,2025-07-05,2026-07-05
POL036,PH171,100000,Home,2025-07-19,2026-07-19
POL037,PH165,50000,Home,2024-07-12,2025-07-12
POL038,PH120,25000,Home,2025-02-24,2026-02-24
POL039,PH243,100000,Home,2025-12-23,2026-12-23
POL040,PH078,25000,Auto,2025-05-22,2026-05-22
POL041,PH258,75000,Auto,2025-08-27,2026-08-27
POL042,PH226,150000,Auto,2024-04-12,2025-04-12
POL043,PH074,40000,Auto,2025-02-23,2026-02-23
POL044,PH241,75000,Home,2024-09-28,2025-09-28
POL045,PH042,100000,Home,2024-12-02,2025-12-02
POL046,PH250,25000,Auto,2025-07-08,2026-07-08
POL047,PH121,60000,Auto,2025-10-08,2026-10-08
POL048,PH047,30000,Auto,2025-03-20,2026-03-20
POL049,PH228,60000,Auto,2024-06-19,2025-06-19
POL050,PH024,25000,Home,2024-11-28,2025-11-28
POL051,PH184,100000,Auto,2025-01-18,2026-01-18
POL052,PH126,100000,Auto,2025-06-27,2026-06-27
POL053,PH088,30000,Home,2024-06-28,2025-06-28
POL054,PH124,40000,Auto,2025-05-24,2026-05-24
POL055,PH237,60000,Home,2025-10-15,2026-10-15
POL056,PH131,25000,Home,2025-11-13,2026-11-13
POL057,PH148,40000,Auto,2025-11-24,2026-11-24
POL058,PH227,60000,Home,2024-12-19,2025-12-19
POL059,PH129,60000,Auto,2025-04-12,2026-04-12
POL060,PH197,30000,Auto,2025-05-09,2026-05-09
POL061,PH196,75000,Home,2025-08-08,2026-08-08
POL062,PH152,100000,Home,2024-01-23,2025-01-22
POL063,PH005,25000,Home,2025-08-02,2026-08-02
POL064,PH147,75000,Auto,2024-08-23,2025-08-23
POL065,PH098,60000,Auto,2025-09-27,2026-09-27
POL066,PH050,25000,Home,2025-10-04,2026-10-04
POL067,PH226,75000,Auto,2024-02-04,2025-02-03
POL068,PH047,75000,Home,2024-10-29,2025-10-29
POL069,PH090,40000,Home,2024-07-24,2025-07-24
POL070,PH272,60000,Auto,2025-05-28,2026-05-28
POL071,PH132,60000,Home,2025-05-08,2026-05-08
POL072,PH059,30000,Auto,2025-04-24,2026-04-24
POL073,PH116,100000,Home,2025-11-23,2026-11-23
POL074,PH047,25000,Home,2025-02-08,2026-02-08
POL075,PH275,150000,Home,2024-05-06,2025-05-06
POL076,PH135,100000,Home,2025-08-21,2026-08-21
POL077,PH056,50000,Home,2025-11-22,2026-11-22
POL078,PH013,75000,Auto,2025-09-26,2026-09-26
POL079,PH033,150000,Home,2025-10-12,2026-10-12
POL080,PH210,40000,Auto,2024-04-29,2025-04-29
POL081,PH020,150000,Auto,2024-11-07,2025-11-07
POL082,PH050,40000,Home,2024-08-28,2025-08-28
POL083,PH233,100000,Auto,2025-01-14,2026-01-14
POL084,PH213,30000,Home,2025-11-01,2026-11-01
POL085,PH209,25000,Home,2024-10-13,2025-10-13
POL086,PH112,150000,Auto,2025-03-30,2026-03-30
POL087,PH186,75000,Home,2024-04-11,2025-04-11
POL088,PH032,60000,Auto,2025-02-11,2026-02-11
POL089,PH063,30000,Auto,2025-04-10,2026-04-10
POL090,PH011,75000,Auto,2024-02-21,2025-02-20
POL091,PH065,50000,Auto,2025-08-01,2026-08-01
POL092,PH284,50000,Auto,2024-07-31,2025-07-31
POL093,PH169,25000,Home,2024-05-31,2025-05-31
POL094,PH075,60000,Auto,2024-05-13,2025-05-13
POL095,PH057,25000,Auto,2025-11-07,2026-11-07
POL096,PH008,50000,Home,2025-01-01,2026-01-01
POL097,PH009,60000,Auto,2024-06-27,2025-06-27
POL098,PH065,30000,Auto,2025-03-07,2026-03-07
POL099,PH244,75000,Auto,2025-04-04,2026-04-04
POL100,PH232,50000,Auto,2025-05-30,2026-05-30
POL101,PH267,150000,Auto,2024-11-04,2025-11-04
POL102,PH032,100000,Home,2025-05-05,2026-05-05
POL103,PH056,150000,Auto,2025-05-17,2026-05-17
POL104,PH042,40000,Auto,2024-11-25,2025-11-25
POL105,PH065,75000,Home,2024-10-08,2025-10-08
POL106,PH272,150000,Home,2024-10-28,2025-10-28
POL107,PH051,30000,Auto,2025-12-19,2026-12-19
POL108,PH221,50000,Home,2025-04-07,2026-04-07
POL109,PH174,100000,Home,2025-04-09,2026-04-09
POL110,PH049,100000,Home,2024-11-16,2025-11-16
POL111,PH131,40000,Home,2025-01-18,2026-01-18
POL112,PH035,30000,Auto,2024-04-03,2025-04-03
POL113,PH222,75000,Auto,2024-04-08,2025-04-08
POL114,PH285,75000,Auto,2024-03-02,2025-03-02
POL115,PH211,100000,Auto,2024-12-28,2025-12-28
POL116,PH148,60000,Home,2025-09-06,2026-09-06
POL117,PH054,50000,Auto,2025-08-14,2026-08-14
POL118,PH247,30000,Home,2024-08-17,2025-08-17
POL119,PH285,30000,Home,2025-01-11,2026-01-11
POL120,PH294,100000,Auto,2024-08-19,2025-08-19
POL121,PH137,40000,Home,2024-01-30,2025-01-29
POL122,PH159,75000,Auto,2024-12-13,2025-12-13
POL123,PH093,100000,Auto,2024-05-26,2025-05-26
POL124,PH073,25000,Auto,2025-10-10,2026-10-10
POL125,PH272,100000,Home,2024-08-08,2025-08-08
POL126,PH233,40000,Home,2024-12-15,2025-12-15
POL127,PH160,30000,Auto,2024-11-28,2025-11-28
POL128,PH080,25000,Auto,2024-06-10,2025-06-10
POL129,PH140,100000,Home,2025-03-29,2026-03-29
POL130,PH227,60000,Auto,2025-02-28,2026-02-28
POL131,PH263,75000,Home,2024-04-26,2025-04-26
POL132,PH057,150000,Home,2024-10-17,2025-10-17
POL133,PH024,100000,Auto,2024-08-13,2025-08-13
POL134,PH004,60000,Auto,2024-07-28,2025-07-28
POL135,PH071,60000,Home,2024-09-18,2025-09-18
POL136,PH062,150000,Home,2024-01-08,2025-01-07
POL137,PH090,100000,Auto,2024-05-12,2025-05-12
POL138,PH257,75000,Auto,2025-07-26,2026-07-26
POL139,PH204,100000,Auto,2024-02-13,2025-02-12
POL140,PH236,75000,Home,2024-03-20,2025-03-20
POL141,PH294,100000,Home,2025-02-18,2026-02-18
POL142,PH059,25000,Home,2025-02-18,2026-02-18
POL143,PH088,150000,Home,2025-09-24,2026-09-24
POL144,PH046,30000,Auto,2025-03-23,2026-03-23
POL145,PH224,100000,Auto,2025-08-26,2026-08-26
POL146,PH203,75000,Auto,2024-11-13,2025-11-13
POL147,PH171,30000,Auto,2024-06-21,2025-06-21
POL148,PH272,50000,Home,2025-06-06,2026-06-06
POL149,PH180,40000,Auto,2025-10-22,2026-10-22
POL150,PH053,60000,Auto,2024-05-29,2025-05-29
POL151,PH089,40000,Auto,2025-09-08,2026-09-08
POL152,PH091,150000,Home,2025-10-05,2026-10-05
POL153,PH289,150000,Home,2025-08-16,2026-08-16
POL154,PH162,150000,Auto,2024-06-03,2025-06-03
POL155,PH241,60000,Home,2025-03-28,2026-03-28
POL156,PH029,30000,Home,2024-12-26,2025-12-26
POL157,PH237,25000,Auto,2025-04-07,2026-04-07
POL158,PH189,30000,Auto,2024-10-20,2025-10-20
POL159,PH260,150000,Auto,2025-01-28,2026-01-28
POL160,PH231,50000,Home,2025-08-08,2026-08-08
POL161,PH244,40000,Auto,2025-05-28,2026-05-28
POL162,PH231,75000,Auto,2024-04-15,2025-04-15
POL163,PH259,40000,Auto,2025-10-23,2026-10-23
POL164,PH127,150000,Home,2025-12-25,2026-12-25
POL165,PH269,40000,Home,2025-06-19,2026-06-19
POL166,PH191,100000,Home,2024-10-16,2025-10-16
POL167,PH174,25000,Home,2025-11-26,2026-11-26
POL168,PH034,30000,Home,2024-12-03,2025-12-03
POL169,PH146,40000,Home,2024-09-15,2025-09-15
POL170,PH042,40000,Home,2025-08-19,2026-08-19
POL171,PH159,100000,Auto,2025-11-02,2026-11-02
POL172,PH044,100000,Home,2024-11-13,2025-11-13
POL173,PH066,30000,Home,2025-11-17,2026-11-17
POL174,PH261,25000,Home,2025-01-05,2026-01-05
POL175,PH159,50000,Home,2024-07-03,2025-07-03
POL176,PH249,50000,Auto,2024-07-15,2025-07-15
POL177,PH080,60000,Auto,2024-03-20,2025-03-20
POL178,PH260,25000,Home,2025-07-06,2026-07-06
POL179,PH068,100000,Auto,2025-09-03,2026-09-03
POL180,PH084,40000,Home,2024-07-04,2025-07-04
POL181,PH023,75000,Auto,2025-02-24,2026-02-24
POL182,PH228,60000,Home,2025-09-17,2026-09-17
POL183,PH120,50000,Home,2025-06-30,2026-06-30
POL184,PH241,75000,Home,2024-07-17,2025-07-17
POL185,PH237,100000,Home,2024-10-15,2025-10-15
POL186,PH083,40000,Home,2024-07-23,2025-07-23
POL187,PH027,150000,Home,2025-10-18,2026-10-18
POL188,PH284,30000,Home,2024-04-15,2025-04-15
POL189,PH043,60000,Home,2024-06-13,2025-06-13
POL190,PH263,100000,Auto,2024-05-30,2025-05-30
POL191,PH114,75000,Auto,2025-04-06,2026-04-06
POL192,PH213,100000,Home,2024-02-24,2025-02-23
POL193,PH121,30000,Home,2025-01-30,2026-01-30
POL194,PH115,75000,Auto,2024-01-29,2025-01-28
POL195,PH172,40000,Auto,2024-05-29,2025-05-29
POL196,PH147,40000,Home,2025-04-28,2026-04-28
POL197,PH230,25000,Auto,2025-09-22,2026-09-22
POL198,PH010,50000,Auto,2024-09-19,2025-09-19
POL199,PH281,100000,Auto,2025-09-15,2026-09-15
POL200,PH148,60000,Auto,2024-08-31,2025-08-31
POL201,PH025,100000,Home,2024-09-01,2025-09-01
POL202,PH033,150000,Auto,2024-04-23,2025-04-23
POL203,PH264,50000,Auto,2025-08-11,2026-08-11
POL204,PH150,25000,Home,2025-03-15,2026-03-15
POL205,PH124,100000,Auto,2025-08-07,2026-08-07
POL206,PH044,75000,Auto,2025-06-20,2026-06-20
POL207,PH270,25000,Home,2025-07-11,2026-07-11
POL208,PH241,100000,Home,2024-02-14,2025-02-13
POL209,PH130,75000,Auto,2024-01-17,2025-01-16
POL210,PH177,30000,Home,2024-09-03,2025-09-03
POL211,PH069,75000,Home,2024-02-15,2025-02-14
POL212,PH090,150000,Home,2025-12-02,2026-12-02
POL213,PH094,30000,Home,2024-05-18,2025-05-18
POL214,PH019,50000,Auto,2024-10-27,2025-10-27
POL215,PH103,75000,Home,2024-02-12,2025-02-11
POL216,PH264,150000,Home,2025-02-11,2026-02-11
POL217,PH019,50000,Home,2025-10-24,2026-10-24
POL218,PH183,75000,Home,2024-02-18,2025-02-17
POL219,PH064,100000,Home,2025-01-11,2026-01-11
POL220,PH226,75000,Auto,2025-01-30,2026-01-30
POL221,PH255,150000,Home,2025-12-09,2026-12-09
POL222,PH266,30000,Home,2024-09-30,2025-09-30
POL223,PH041,40000,Home,2025-03-16,2026-03-16
POL224,PH165,30000,Home,2024-04-15,2025-04-15
POL225,PH152,150000,Home,2024-11-09,2025-11-09
POL226,PH086,150000,Home,2025-12-07,2026-12-07
POL227,PH229,75000,Home,2024-02-13,2025-02-12
POL228,PH141,25000,Auto,2025-10-16,2026-10-16
POL229,PH208,40000,Auto,2025-01-07,2026-01-07
POL230,PH074,150000,Auto,2025-09-14,2026-09-14
POL231,PH065,50000,Home,2024-03-09,2025-03-09
POL232,PH186,25000,Auto,2025-01-27,2026-01-27
POL233,PH231,75000,Home,2025-01-14,2026-01-14
POL234,PH040,40000,Home,2025-08-10,2026-08-10
POL235,PH204,60000,Auto,2024-11-17,2025-11-17
POL236,PH059,40000,Home,2024-01-27,2025-01-26
POL237,PH266,30000,Home,2025-01-31,2026-01-31
POL238,PH134,150000,Auto,2025-12-21,2026-12-21
POL239,PH147,150000,Auto,2025-12-11,2026-12-11
POL240,PH063,30000,Home,2024-05-18,2025-05-18
POL241,PH089,150000,Auto,2025-12-31,2026-12-31
POL242,PH164,75000,Auto,2025-11-14,2026-11-14
POL243,PH282,60000,Home,2025-07-09,2026-07-09
POL244,PH081,40000,Home,2025-12-29,2026-12-29
POL245,PH261,30000,Auto,2024-08-17,2025-08-17
POL246,PH072,150000,Auto,2024-08-30,2025-08-30
POL247,PH185,75000,Home,2025-07-21,2026-07-21
POL248,PH283,30000,Auto,2024-05-12,2025-05-12
POL249,PH159,150000,Home,2025-02-11,2026-02-11
POL250,PH210,30000,Auto,2025-08-11,2026-08-11
POL251,PH163,30000,Home,2025-10-19,2026-10-19
POL252,PH239,75000,Auto,2025-11-27,2026-11-27
POL253,PH283,40000,Auto,2025-10-17,2026-10-17
POL254,PH222,25000,Auto,2025-05-29,2026-05-29
POL255,PH266,60000,Auto,2024-06-05,2025-06-05
POL256,PH083,50000,Home,2024-11-26,2025-11-26
POL257,PH266,30000,Home,2024-10-17,2025-10-17
POL258,PH101,60000,Auto,2025-10-12,2026-10-12
POL259,PH156,30000,Auto,2025-09-21,2026-09-21
POL260,PH298,40000,Home,2024-06-06,2025-06-06
POL261,PH289,25000,Auto,2024-02-12,2025-02-11
POL262,PH024,60000,Auto,2025-10-18,2026-10-18
POL263,PH293,25000,Home,2025-03-02,2026-03-02
POL264,PH280,60000,Home,2024-10-23,2025-10-23
POL265,PH126,100000,Home,2025-12-02,2026-12-02
POL266,PH233,25000,Auto,2024-03-15,2025-03-15
POL267,PH226,150000,Home,2025-03-01,2026-03-01
POL268,PH105,40000,Home,2024-12-14,2025-12-14
POL269,PH164,100000,Auto,2024-12-19,2025-12-19
POL270,PH190,30000,Home,2025-06-11,2026-06-11
POL271,PH124,30000,Home,2025-04-22,2026-04-22
POL272,PH231,40000,Auto,2024-09-10,2025-09-10
POL273,PH026,100000,Home,2024-10-24,2025-10-24
POL274,PH128,75000,Home,2024-06-12,2025-06-12
POL275,PH098,150000,Home,2024-06-12,2025-06-12
POL276,PH256,150000,Auto,2024-11-11,2025-11-11
POL277,PH047,150000,Auto,2025-02-06,2026-02-06
POL278,PH111,75000,Auto,2025-08-20,2026-08-20
POL279,PH026,150000,Home,2024-10-15,2025-10-15
POL280,PH147,25000,Auto,2025-07-03,2026-07-03
POL281,PH221,60000,Home,2024-05-17,2025-05-17
POL282,PH207,25000,Home,2025-01-09,2026-01-09
POL283,PH027,50000,Home,2025-08-06,2026-08-06
POL284,PH284,30000,Home,2024-10-22,2025-10-22
POL285,PH259,60000,Auto,2025-04-06,2026-04-06
POL286,PH066,100000,Home,2024-04-09,2025-04-09
POL287,PH174,75000,Auto,2025-07-25,2026-07-25
POL288,PH102,100000,Auto,2025-09-08,2026-09-08
POL289,PH024,40000,Home,2024-02-09,2025-02-08
POL290,PH243,150000,Auto,2025-06-15,2026-06-15
POL291,PH264,75000,Home,2024-05-23,2025-05-23
POL292,PH084,60000,Home,2025-02-06,2026-02-06
POL293,PH260,150000,Home,2025-06-05,2026-06-05
POL294,PH244,75000,Home,2024-01-18,2025-01-17
POL295,PH057,60000,Auto,2025-03-02,2026-03-02
POL296,PH243,50000,Auto,2024-09-28,2025-09-28
POL297,PH299,40000,Home,2025-05-06,2026-05-06
POL298,PH076,50000,Auto,2025-11-28,2026-11-28
POL299,PH294,30000,Auto,2025-12-18,2026-12-18
POL300,PH010,75000,Home,2025-03-27,2026-03-27
