policyholderId,name,dateOfBirth,contactEmail
PH001,Thomas Rao,1979-09-04,thomas.rao1@example.com
PH002,Isabella Weber,1967-07-09,isabella.weber2@example.com
PH003,Priya Dubois,1962-10-19,priya.dubois3@example.com
PH004,Tariq Kobayashi,1957-11-07,tariq.kobayashi4@example.com
PH005,David Al-Sayed,1974-08-13,david.alsayed5@example.com
PH006,Noah Sharma,1957-05-19,noah.sharma6@example.com
PH007,Rohan Nair,1992-08-20,rohan.nair7@example.com
PH008,Noah Fischer,1979-12-16,noah.fischer8@example.com
PH009,Ananya Tanaka,1969-04-28,ananya.tanaka9@example.com
PH010,Ethan Mehta,1979-12-06,ethan.mehta10@example.com
PH011,Sofia Nair,1985-03-13,sofia.nair11@example.com
PH012,Priya Al-Sayed,1989-01-31,priya.alsayed12@example.com
PH013,Priya Johansson,1985-11-09,priya.johansson13@example.com
PH014,Freya Zhang,1958-11-24,freya.zhang14@example.com
PH015,Omar Novak,1966-03-14,omar.novak15@example.com
PH016,Yuki Al-Sayed,1981-04-20,yuki.alsayed16@example.com
PH017,Ivan Haidari,1987-06-12,ivan.haidari17@example.com
PH018,Clara Nair,1961-03-29,clara.nair18@example.com
PH019,Fatima Dubois,1975-06-12,fatima.dubois19@example.com
PH020,Miguel Al-Sayed,1975-11-20,miguel.alsayed20@example.com
PH021,Priya Haddad,1979-12-09,priya.haddad21@example.com
PH022,Omar Murphy,1987-09-24,omar.murphy22@example.com
PH023,Arjun Johansson,1986-11-15,arjun.johansson23@example.com
PH024,Hana Dubois,1978-12-14,hana.dubois24@example.com
PH025,Meera Farouk,1970-05-09,meera.farouk25@example.com
PH026,Ingrid Andersson,1976-12-17,ingrid.andersson26@example.com
PH027,Arjun Fischer,1989-01-15,arjun.fischer27@example.com
PH028,Grace Suleiman,1974-09-14,grace.suleiman28@example.com
PH029,Liam Ibrahim,1960-01-07,liam.ibrahim29@example.com
PH030,Noah Ibrahim,1957-11-17,noah.ibrahim30@example.com
PH031,Liam Haddad,1979-01-08,liam.haddad31@example.com
PH032,Meera Nair,1983-03-26,meera.nair32@example.com
PH033,Hana Murphy,1999-10-15,hana.murphy33@example.com
PH034,Daniel Haidari,1996-03-01,daniel.haidari34@example.com
PH035,Sofia Zhang,1967-07-12,sofia.zhang35@example.com
PH036,Isabella Andersson,1978-07-28,isabella.andersson36@example.com
PH037,Tariq Kobayashi,1990-10-31,tariq.kobayashi37@example.com
PH038,Emma Weber,1967-05-30,emma.weber38@example.com
PH039,Mei Costa,1963-02-26,mei.costa39@example.com
PH040,James Walsh,1964-11-01,james.walsh40@example.com
PH041,Sofia Murphy,1969-05-09,sofia.murphy41@example.com
PH042,Ethan Farouk,1960-09-12,ethan.farouk42@example.com
PH043,Yuki Haddad,1996-12-28,yuki.haddad43@example.com
PH044,Adam Zhang,1956-01-12,adam.zhang44@example.com
PH045,Thomas Dubois,1978-12-09,thomas.dubois45@example.com
PH046,Chloe O'Brien,1981-05-01,chloe.obrien46@example.com
PH047,Ethan Silva,1995-09-15,ethan.silva47@example.com
PH048,Ananya Andersson,1978-08-18,ananya.andersson48@example.com
PH049,Mei Tanaka,1971-01-11,mei.tanaka49@example.com
PH050,Mei Suleiman,1964-07-18,mei.suleiman50@example.com
PH051,Aisha Ibrahim,2000-07-18,aisha.ibrahim51@example.com
PH052,Freya Nair,1968-09-17,freya.nair52@example.com
PH053,Emma Tanaka,1969-06-29,emma.tanaka53@example.com
PH054,Ingrid Tanaka,2002-07-31,ingrid.tanaka54@example.com
PH055,Ananya Farouk,1984-01-30,ananya.farouk55@example.com
PH056,Felix Rao,1965-01-13,felix.rao56@example.com
PH057,Emma Haidari,1982-08-03,emma.haidari57@example.com
PH058,Isabella Chen,1976-08-10,isabella.chen58@example.com
PH059,Clara Al-Sayed,1962-09-07,clara.alsayed59@example.com
PH060,Felix Ibrahim,1961-03-17,felix.ibrahim60@example.com
PH061,Ingrid Tanaka,1966-04-13,ingrid.tanaka61@example.com
PH062,Wei Dubois,1997-08-22,wei.dubois62@example.com
PH063,Rohan Silva,1978-10-12,rohan.silva63@example.com
PH064,Adam Walsh,1992-12-17,adam.walsh64@example.com
PH065,Hana Suleiman,1973-01-17,hana.suleiman65@example.com
PH066,Aisha Haddad,1988-07-02,aisha.haddad66@example.com
PH067,Layla Haidari,2001-06-07,layla.haidari67@example.com
PH068,Layla O'Brien,1977-03-29,layla.obrien68@example.com
PH069,Noah Al-Sayed,1985-05-01,noah.alsayed69@example.com
PH070,David Lindqvist,1975-08-24,david.lindqvist70@example.com
PH071,Tariq Weber,1955-08-24,tariq.weber71@example.com
PH072,Meera Reddy,1960-04-13,meera.reddy72@example.com
PH073,Noah Al-Sayed,1957-10-26,noah.alsayed73@example.com
PH074,Chloe Al-Sayed,2001-02-15,chloe.alsayed74@example.com
PH075,Isabella Zhang,1998-07-20,isabella.zhang75@example.com
PH076,Hana Novak,1966-11-14,hana.novak76@example.com
PH077,Clara Lindqvist,1997-05-28,clara.lindqvist77@example.com
PH078,Isabella Kelly,1997-06-07,isabella.kelly78@example.com
PH079,Nadia Nair,1963-06-18,nadia.nair79@example.com
PH080,Priya Dubois,1993-09-02,priya.dubois80@example.com
PH081,Sanjay Kobayashi,1991-11-18,sanjay.kobayashi81@example.com
PH082,Omar Walsh,1959-11-11,omar.walsh82@example.com
PH083,Priya Chen,1991-02-14,priya.chen83@example.com
PH084,Chloe Kelly,1964-10-20,chloe.kelly84@example.com
PH085,Isabella Nair,1972-01-24,isabella.nair85@example.com
PH086,Ingrid Fischer,1967-07-30,ingrid.fischer86@example.com
PH087,Ethan Silva,1979-12-28,ethan.silva87@example.com
PH088,Omar Weber,1961-10-06,omar.weber88@example.com
PH089,Layla Kelly,1963-10-14,layla.kelly89@example.com
PH090,James Murphy,1956-04-28,james.murphy90@example.com
PH091,Lucas Suleiman,1976-03-16,lucas.suleiman91@example.com
PH092,Arjun Kobayashi,1998-07-27,arjun.kobayashi92@example.com
PH093,Zara Nair,1990-12-24,zara.nair93@example.com
PH094,James Silva,1988-12-31,james.silva94@example.com
PH095,Ananya Haddad,1978-10-17,ananya.haddad95@example.com
PH096,Omar Rossi,1992-12-13,omar.rossi96@example.com
PH097,Rohan Dubois,1998-08-30,rohan.dubois97@example.com
PH098,Sofia Nair,1981-08-14,sofia.nair98@example.com
PH099,Hana Chen,1960-06-20,hana.chen99@example.com
PH100,Liam Chen,1959-07-02,liam.chen100@example.com
PH101,Tariq Costa,2000-02-11,tariq.costa101@example.com
PH102,Adam Silva,1960-02-07,adam.silva102@example.com
PH103,Mei Al-Sayed,1971-09-03,mei.alsayed103@example.com
PH104,Meera Farouk,1961-02-04,meera.farouk104@example.com
PH105,Isabella Haddad,1965-10-03,isabella.haddad105@example.com
PH106,Clara Weber,1958-07-26,clara.weber106@example.com
PH107,Ivan Al-Sayed,1992-08-11,ivan.alsayed107@example.com
PH108,Tariq Lindqvist,2001-11-25,tariq.lindqvist108@example.com
PH109,Liam Suleiman,1978-05-24,liam.suleiman109@example.com
PH110,Hana Dubois,1983-03-10,hana.dubois110@example.com
PH111,Isabella Zhang,1990-07-05,isabella.zhang111@example.com
PH112,Wei Dubois,1981-11-30,wei.dubois112@example.com
PH113,Omar Mehta,1961-07-05,omar.mehta113@example.com
PH114,Ananya Fischer,1963-12-21,ananya.fischer114@example.com
PH115,Meera Novak,1974-02-14,meera.novak115@example.com
PH116,Mei Zhang,1966-11-19,mei.zhang116@example.com
PH117,Sanjay Haidari,1961-03-04,sanjay.haidari117@example.com
PH118,Isabella Johansson,1980-07-26,isabella.johansson118@example.com
PH119,Arjun Fischer,1982-02-20,arjun.fischer119@example.com
PH120,Ivan Kelly,2002-06-15,ivan.kelly120@example.com
PH121,Ananya Dubois,1981-11-10,ananya.dubois121@example.com
PH122,Priya Haidari,1967-01-18,priya.haidari122@example.com
PH123,Ravi O'Brien,1964-08-08,ravi.obrien123@example.com
PH124,Rohan Iyer,1979-06-08,rohan.iyer124@example.com
PH125,Miguel Farouk,1973-11-23,miguel.farouk125@example.com
PH126,Chloe Nair,1978-09-07,chloe.nair126@example.com
PH127,Mei Costa,1977-07-12,mei.costa127@example.com
PH128,James Al-Sayed,1992-12-31,james.alsayed128@example.com
PH129,Grace Chen,1955-04-27,grace.chen129@example.com
PH130,Chloe Tanaka,1966-09-26,chloe.tanaka130@example.com
PH131,Ravi Silva,1994-08-22,ravi.silva131@example.com
PH132,Rohan Reddy,1993-05-15,rohan.reddy132@example.com
PH133,Rohan Rao,1965-01-13,rohan.rao133@example.com
PH134,Meera Haidari,1968-05-16,meera.haidari134@example.com
PH135,Ingrid Chen,1988-02-15,ingrid.chen135@example.com
PH136,Tariq Novak,1968-04-14,tariq.novak136@example.com
PH137,Ethan Iyer,1958-10-02,ethan.iyer137@example.com
PH138,Aisha Johansson,1958-07-31,aisha.johansson138@example.com
PH139,Sanjay Nair,1977-05-21,sanjay.nair139@example.com
PH140,Priya Johansson,1991-06-17,priya.johansson140@example.com
PH141,Ivan Andersson,1968-11-12,ivan.andersson141@example.com
PH142,Isabella Walsh,1969-07-30,isabella.walsh142@example.com
PH143,Olivia Haidari,1991-12-28,olivia.haidari143@example.com
PH144,David Silva,1984-10-20,david.silva144@example.com
PH145,Nadia Kelly,1977-04-06,nadia.kelly145@example.com
PH146,Grace Silva,1964-09-12,grace.silva146@example.com
PH147,Yuki Walsh,1958-06-22,yuki.walsh147@example.com
PH148,Zara Weber,1972-11-26,zara.weber148@example.com
PH149,Omar Johansson,1982-05-19,omar.johansson149@example.com
PH150,Noah Weber,1957-02-14,noah.weber150@example.com
PH151,Karim Haddad,1984-06-13,karim.haddad151@example.com
PH152,Grace Walsh,1961-03-24,grace.walsh152@example.com
PH153,Grace Johansson,2000-09-13,grace.johansson153@example.com
PH154,Daniel Dubois,1984-09-16,daniel.dubois154@example.com
PH155,David O'Brien,1978-06-08,david.obrien155@example.com
PH156,Olivia Lindqvist,1978-10-25,olivia.lindqvist156@example.com
PH157,Fatima O'Brien,1993-12-26,fatima.obrien157@example.com
PH158,Sanjay Andersson,1983-02-21,sanjay.andersson158@example.com
PH159,Ethan Farouk,2000-11-18,ethan.farouk159@example.com
PH160,Thomas Haddad,1972-01-20,thomas.haddad160@example.com
PH161,Ravi Chen,1994-02-13,ravi.chen161@example.com
PH162,Ananya Sharma,1972-09-04,ananya.sharma162@example.com
PH163,Emma Kobayashi,1961-04-11,emma.kobayashi163@example.com
PH164,Chloe Farouk,1983-03-01,chloe.farouk164@example.com
PH165,Thomas Andersson,1981-12-10,thomas.andersson165@example.com
PH166,Mei Rossi,1991-08-22,mei.rossi166@example.com
PH167,Liam Haddad,1981-07-11,liam.haddad167@example.com
PH168,Rohan Iyer,1972-03-18,rohan.iyer168@example.com
PH169,Nadia Dubois,1989-01-05,nadia.dubois169@example.com
PH170,Olivia Farouk,1981-12-31,olivia.farouk170@example.com
PH171,Daniel Novak,1955-01-14,daniel.novak171@example.com
PH172,Aisha Rossi,1973-11-09,aisha.rossi172@example.com
PH173,Ethan Kelly,1983-11-29,ethan.kelly173@example.com
PH174,Omar Fischer,1994-09-01,omar.fischer174@example.com
PH175,Hana Sharma,1997-06-14,hana.sharma175@example.com
PH176,Arjun Dubois,1962-08-10,arjun.dubois176@example.com
PH177,Miguel Sharma,1985-01-26,miguel.sharma177@example.com
PH178,Lucas Ibrahim,1976-01-27,lucas.ibrahim178@example.com
PH179,Aisha Weber,1972-11-12,aisha.weber179@example.com
PH180,Sofia Rao,1959-02-23,sofia.rao180@example.com
PH181,Isabella Costa,1961-07-14,isabella.costa181@example.com
PH182,Omar Kobayashi,1972-06-11,omar.kobayashi182@example.com
PH183,Yuki Costa,1990-11-08,yuki.costa183@example.com
PH184,Isabella Iyer,1955-07-01,isabella.iyer184@example.com
PH185,Priya Tanaka,1993-02-21,priya.tanaka185@example.com
PH186,Noah Silva,2001-06-20,noah.silva186@example.com
PH187,Omar Chen,1977-05-10,omar.chen187@example.com
PH188,Thomas Fischer,1966-12-18,thomas.fischer188@example.com
PH189,Omar Dubois,2002-08-26,omar.dubois189@example.com
PH190,Rohan Farouk,1983-06-20,rohan.farouk190@example.com
PH191,Layla Farouk,2000-04-14,layla.farouk191@example.com
PH192,Ethan Ibrahim,1995-01-02,ethan.ibrahim192@example.com
PH193,Arjun Andersson,1997-08-02,arjun.andersson193@example.com
PH194,Layla Zhang,1977-03-07,layla.zhang194@example.com
PH195,Grace Tanaka,2001-10-07,grace.tanaka195@example.com
PH196,Felix Murphy,1976-06-18,felix.murphy196@example.com
PH197,Grace Fischer,1961-12-13,grace.fischer197@example.com
PH198,Miguel Weber,1979-05-18,miguel.weber198@example.com
PH199,Chloe Mehta,1962-03-25,chloe.mehta199@example.com
PH200,Wei Iyer,1975-09-30,wei.iyer200@example.com
PH201,Yuki Reddy,1968-09-16,yuki.reddy201@example.com
PH202,Hana Al-Sayed,1992-03-21,hana.alsayed202@example.com
PH203,Nadia Mehta,1996-10-19,nadia.mehta203@example.com
PH204,Nadia Chen,1973-07-22,nadia.chen204@example.com
PH205,Nadia Haddad,1956-10-02,nadia.haddad205@example.com
PH206,Clara Haddad,1997-10-16,clara.haddad206@example.com
PH207,Ananya Johansson,1981-10-15,ananya.johansson207@example.com
PH208,Yuki Walsh,1992-08-04,yuki.walsh208@example.com
PH209,Ingrid Andersson,1974-10-14,ingrid.andersson209@example.com
PH210,Felix Weber,1979-06-27,felix.weber210@example.com
PH211,Ethan Costa,1957-08-09,ethan.costa211@example.com
PH212,Yuki Mehta,1991-04-10,yuki.mehta212@example.com
PH213,Arjun Ibrahim,1996-12-06,arjun.ibrahim213@example.com
PH214,Wei Farouk,2002-12-02,wei.farouk214@example.com
PH215,David Suleiman,1990-05-08,david.suleiman215@example.com
PH216,Tariq Lindqvist,1957-06-07,tariq.lindqvist216@example.com
PH217,Lucas Murphy,1993-06-14,lucas.murphy217@example.com
PH218,Wei Walsh,1996-06-02,wei.walsh218@example.com
PH219,Olivia Chen,1978-05-04,olivia.chen219@example.com
PH220,Yuki Mehta,1973-12-27,yuki.mehta220@example.com
PH221,Omar Mehta,1985-04-12,omar.mehta221@example.com
PH222,Yuki Zhang,1992-10-26,yuki.zhang222@example.com
PH223,Ravi Ibrahim,1962-05-07,ravi.ibrahim223@example.com
PH224,Zara Rao,1959-09-03,zara.rao224@example.com
PH225,Sanjay Weber,1961-02-26,sanjay.weber225@example.com
PH226,Fatima Tanaka,1957-10-13,fatima.tanaka226@example.com
PH227,Isabella Nair,1956-10-29,isabella.nair227@example.com
PH228,Ivan Iyer,1976-05-26,ivan.iyer228@example.com
PH229,Wei Costa,1965-04-06,wei.costa229@example.com
PH230,Clara Nair,1996-09-20,clara.nair230@example.com
PH231,Ravi Tanaka,1988-02-04,ravi.tanaka231@example.com
PH232,Arjun Farouk,1965-04-11,arjun.farouk232@example.com
PH233,Arjun Rossi,1964-09-12,arjun.rossi233@example.com
PH234,Tariq Rao,1982-12-27,tariq.rao234@example.com
PH235,Clara Dubois,1988-09-02,clara.dubois235@example.com
PH236,Daniel Reddy,1972-10-16,daniel.reddy236@example.com
PH237,Meera Lindqvist,1976-10-14,meera.lindqvist237@example.com
PH238,Priya Reddy,1982-01-21,priya.reddy238@example.com
PH239,Freya Kelly,1965-11-10,freya.kelly239@example.com
PH240,Clara Kelly,1958-09-07,clara.kelly240@example.com
PH241,Sanjay Novak,1993-06-07,sanjay.novak241@example.com
PH242,Emma Al-Sayed,2000-05-23,emma.alsayed242@example.com
PH243,Chloe Rao,1992-09-07,chloe.rao243@example.com
PH244,Felix O'Brien,1993-11-22,felix.obrien244@example.com
PH245,Emma Murphy,1996-03-30,emma.murphy245@example.com
PH246,Sofia Kobayashi,1970-10-20,sofia.kobayashi246@example.com
PH247,Adam Murphy,1979-03-26,adam.murphy247@example.com
PH248,Ivan Kelly,1998-05-18,ivan.kelly248@example.com
PH249,Omar Kobayashi,1979-01-29,omar.kobayashi249@example.com
PH250,Liam Walsh,1977-01-09,liam.walsh250@example.com
PH251,Lucas Zhang,1995-06-11,lucas.zhang251@example.com
PH252,Isabella Tanaka,1996-09-09,isabella.tanaka252@example.com
PH253,Clara Farouk,1988-12-31,clara.farouk253@example.com
PH254,Chloe Rao,1999-05-07,chloe.rao254@example.com
PH255,Liam Silva,1998-09-28,liam.silva255@example.com
PH256,Hana Johansson,1978-03-06,hana.johansson256@example.com
PH257,Chloe Zhang,1979-10-14,chloe.zhang257@example.com
PH258,Rohan Rao,2001-05-07,rohan.rao258@example.com
PH259,Karim Al-Sayed,1976-08-26,karim.alsayed259@example.com
PH260,Nadia Costa,1976-07-23,nadia.costa260@example.com
PH261,Zara Murphy,1999-01-13,zara.murphy261@example.com
PH262,Layla Kelly,1956-07-19,layla.kelly262@example.com
PH263,Lucas Rossi,1974-11-18,lucas.rossi263@example.com
PH264,Daniel Reddy,1976-10-29,daniel.reddy264@example.com
PH265,Aisha Dubois,1988-02-09,aisha.dubois265@example.com
PH266,Zara Novak,2002-08-19,zara.novak266@example.com
PH267,Sanjay Kobayashi,1984-09-04,sanjay.kobayashi267@example.com
PH268,Sanjay Reddy,1995-09-16,sanjay.reddy268@example.com
PH269,Grace Rossi,1977-07-21,grace.rossi269@example.com
PH270,Noah O'Brien,1972-04-11,noah.obrien270@example.com
PH271,Liam O'Brien,1971-08-11,liam.obrien271@example.com
PH272,Karim Nair,1998-06-10,karim.nair272@example.com
PH273,Grace Andersson,2002-01-25,grace.andersson273@example.com
PH274,Freya Rossi,1964-01-08,freya.rossi274@example.com
PH275,Karim Rossi,1975-05-30,karim.rossi275@example.com
PH276,Emma Silva,1982-02-12,emma.silva276@example.com
PH277,Ananya Reddy,2002-12-02,ananya.reddy277@example.com
PH278,Wei Zhang,1959-01-31,wei.zhang278@example.com
PH279,James Novak,1981-03-17,james.novak279@example.com
PH280,Wei Murphy,1999-01-15,wei.murphy280@example.com
PH281,Priya Walsh,1956-02-06,priya.walsh281@example.com
PH282,Clara Rossi,1997-02-10,clara.rossi282@example.com
PH283,Zara Fischer,1985-07-26,zara.fischer283@example.com
PH284,Olivia Chen,1977-08-26,olivia.chen284@example.com
PH285,Zara O'Brien,1960-11-11,zara.obrien285@example.com
PH286,Daniel Costa,1961-08-24,daniel.costa286@example.com
PH287,Clara Murphy,1959-10-23,clara.murphy287@example.com
PH288,Sofia Iyer,1982-04-05,sofia.iyer288@example.com
PH289,Lucas Weber,1965-08-17,lucas.weber289@example.com
PH290,Rohan Tanaka,1992-05-03,rohan.tanaka290@example.com
PH291,Freya Farouk,1975-04-01,freya.farouk291@example.com
PH292,Adam Haddad,1995-06-02,adam.haddad292@example.com
PH293,Layla Rossi,1993-06-21,layla.rossi293@example.com
PH294,Aisha Lindqvist,1960-05-27,aisha.lindqvist294@example.com
PH295,Ivan Andersson,1963-11-26,ivan.andersson295@example.com
PH296,Hana Murphy,1973-12-06,hana.murphy296@example.com
PH297,Ravi Dubois,1962-04-14,ravi.dubois297@example.com
PH298,Arjun Weber,1970-08-05,arjun.weber298@example.com
PH299,Rohan Al-Sayed,1969-01-16,rohan.alsayed299@example.com
PH300,Ananya Kobayashi,1995-06-02,ananya.kobayashi300@example.com
