claimId,amount,status,submissionDate
CLM001,47312,UnderReview,2025-12-23
CLM002,48661,Approved,2025-12-19
CLM003,5614,Rejected,2025-03-04
CLM004,43382,UnderReview,2025-08-25
CLM005,58807,UnderReview,2025-12-12
CLM006,8278,UnderReview,2025-02-12
CLM007,9159,Approved,2025-10-26
CLM008,54769,Approved,2025-01-23
CLM009,15257,Approved,2025-12-21
CLM010,8864,Rejected,2025-09-25
CLM011,19746,Approved,2025-07-29
CLM012,56922,Rejected,2025-10-25
CLM013,47882,Rejected,2025-08-01
CLM014,15348,Rejected,2025-10-21
CLM015,51051,Rejected,2025-05-08
CLM016,6140,UnderReview,2025-04-14
CLM017,38532,Approved,2025-12-21
CLM018,41023,Rejected,2025-09-01
CLM019,54611,UnderReview,2025-12-31
CLM020,18937,Approved,2025-09-28
CLM021,58603,UnderReview,2025-09-28
CLM022,13155,Rejected,2025-09-26
CLM023,19930,Approved,2025-09-04
CLM024,55078,Approved,2025-03-09
CLM025,28034,Rejected,2025-05-10
CLM026,7052,UnderReview,2025-06-28
CLM027,6836,Rejected,2025-12-25
CLM028,54300,Approved,2025-06-06
CLM029,32294,Rejected,2025-03-05
CLM030,37416,Approved,2025-12-29
CLM031,25621,UnderReview,2025-01-11
CLM032,36540,UnderReview,2025-11-02
CLM033,41185,UnderReview,2025-07-15
CLM034,54173,Rejected,2025-08-16
CLM035,17658,Rejected,2025-02-03
CLM036,12070,UnderReview,2025-01-23
CLM037,21782,Rejected,2025-06-01
CLM038,57690,Approved,2025-10-06
CLM039,16205,Rejected,2025-05-02
CLM040,41295,Approved,2025-04-28
CLM041,25813,Approved,2025-10-24
CLM042,6031,Rejected,2025-12-10
CLM043,25407,Approved,2025-09-02
CLM044,30272,UnderReview,2025-02-15
CLM045,36826,Approved,2025-12-13
CLM046,2810,UnderReview,2025-05-21
CLM047,45391,Rejected,2025-04-29
CLM048,35656,Approved,2025-08-22
CLM049,20783,UnderReview,2025-04-03
CLM050,12421,UnderReview,2025-07-06
CLM051,35206,Rejected,2025-01-17
CLM052,46326,Rejected,2025-11-23
CLM053,57602,Rejected,2025-12-04
CLM054,45207,UnderReview,2025-06-26
CLM055,9260,UnderReview,2025-11-28
CLM056,41862,Rejected,2025-02-04
CLM057,55867,Approved,2025-11-15
CLM058,58280,UnderReview,2025-11-17
CLM059,48601,Approved,2025-07-30
CLM060,28597,UnderReview,2025-05-27
CLM061,39633,Rejected,2025-10-04
CLM062,21390,UnderReview,2025-05-10
CLM063,17992,Rejected,2025-01-18
CLM064,26696,Rejected,2025-08-20
CLM065,22006,UnderReview,2025-03-14
CLM066,9422,UnderReview,2025-08-16
CLM067,59156,Rejected,2025-10-17
CLM068,36316,Rejected,2025-10-30
CLM069,1107,Approved,2025-09-07
CLM070,1744,UnderReview,2025-03-19
CLM071,16348,Rejected,2025-08-25
CLM072,46874,Rejected,2025-07-12
CLM073,56916,Approved,2025-05-14
CLM074,44885,Approved,2025-11-29
CLM075,39573,Rejected,2025-10-09
CLM076,36072,Approved,2025-11-11
CLM077,3932,Approved,2025-03-16
CLM078,35191,UnderReview,2025-01-25
CLM079,49724,Rejected,2025-05-10
CLM080,45920,Approved,2025-05-10
CLM081,28923,Approved,2025-05-31
CLM082,50140,UnderReview,2025-10-24
CLM083,51429,UnderReview,2025-06-02
CLM084,13230,UnderReview,2025-12-08
CLM085,43335,Rejected,2025-09-21
CLM086,31120,Rejected,2025-10-30
CLM087,15668,UnderReview,2025-02-24
CLM088,23812,UnderReview,2025-12-10
CLM089,40672,Rejected,2025-09-21
CLM090,19144,Approved,2025-08-29
CLM091,30703,UnderReview,2025-12-30
CLM092,3928,Rejected,2025-05-23
CLM093,32369,Approved,2025-03-10
CLM094,52342,Approved,2025-09-25
CLM095,51093,Approved,2025-11-07
CLM096,16217,UnderReview,2025-05-29
CLM097,23869,Rejected,2025-07-12
CLM098,22047,Approved,2025-03-05
CLM099,7571,Approved,2025-11-29
CLM100,21067,UnderReview,2025-12-30
CLM101,18464,Approved,2025-08-14
CLM102,58040,UnderReview,2025-06-15
CLM103,47405,Rejected,2025-05-21
CLM104,6956,Rejected,2025-07-24
CLM105,57478,Approved,2025-06-03
CLM106,44405,UnderReview,2025-03-22
CLM107,48540,UnderReview,2025-06-21
CLM108,43876,Rejected,2025-09-26
CLM109,21497,UnderReview,2025-12-25
CLM110,36615,Rejected,2025-05-19
CLM111,2600,Rejected,2025-03-14
CLM112,32649,Approved,2025-07-30
CLM113,1464,UnderReview,2025-11-22
CLM114,58957,Rejected,2025-11-24
CLM115,43609,UnderReview,2025-08-06
CLM116,7201,UnderReview,2025-06-30
CLM117,7722,Rejected,2025-05-10
CLM118,45750,Rejected,2025-12-03
CLM119,3343,Rejected,2025-01-15
CLM120,55436,UnderReview,2025-10-06
CLM121,13130,UnderReview,2025-05-26
CLM122,1794,UnderReview,2025-05-14
CLM123,7479,UnderReview,2025-01-04
CLM124,54136,Rejected,2025-05-19
CLM125,23456,Rejected,2025-03-21
CLM126,13430,UnderReview,2025-06-04
CLM127,27391,Approved,2025-04-20
CLM128,46624,UnderReview,2025-10-26
CLM129,14766,Rejected,2025-10-30
CLM130,53678,UnderReview,2025-06-16
CLM131,6009,Approved,2025-06-03
CLM132,29071,Approved,2025-06-22
CLM133,35709,Approved,2025-08-17
CLM134,44473,Rejected,2025-06-08
CLM135,40029,UnderReview,2025-12-24
CLM136,42259,Approved,2025-12-31
CLM137,18695,Approved,2025-11-06
CLM138,8231,Rejected,2025-08-18
CLM139,40885,Rejected,2025-08-31
CLM140,37991,Rejected,2025-06-13
CLM141,6299,Approved,2025-01-25
CLM142,46660,Approved,2025-01-12
CLM143,21388,Rejected,2025-05-05
CLM144,26648,Approved,2025-06-23
CLM145,12192,UnderReview,2025-08-18
CLM146,1236,Approved,2025-05-02
CLM147,5790,Rejected,2025-12-23
CLM148,48105,UnderReview,2025-04-13
CLM149,56762,Approved,2025-02-23
CLM150,6932,Rejected,2025-09-26
CLM151,28247,UnderReview,2025-11-14
CLM152,31353,Rejected,2025-03-12
CLM153,41207,Approved,2025-07-17
CLM154,3866,UnderReview,2025-12-01
CLM155,42455,Rejected,2025-10-26
CLM156,4633,UnderReview,2025-08-10
CLM157,43324,UnderReview,2025-03-06
CLM158,41827,UnderReview,2025-07-26
CLM159,12467,UnderReview,2025-05-21
CLM160,15933,Rejected,2025-12-26
CLM161,810,UnderReview,2025-03-16
CLM162,45874,Approved,2025-10-18
CLM163,20394,Approved,2025-12-21
CLM164,39303,Approved,2025-02-15
CLM165,52455,Rejected,2025-10-17
CLM166,33185,UnderReview,2025-01-12
CLM167,33654,Rejected,2025-07-09
CLM168,3628,Rejected,2025-07-31
CLM169,39372,UnderReview,2025-12-10
CLM170,20515,Approved,2025-06-21
CLM171,49432,Rejected,2025-05-17
CLM172,10599,UnderReview,2025-09-08
CLM173,12457,Rejected,2025-09-15
CLM174,39544,Approved,2025-02-17
CLM175,14244,Rejected,2025-07-27
CLM176,53077,Approved,2025-04-30
CLM177,23217,UnderReview,2025-01-20
CLM178,30494,Rejected,2025-01-29
CLM179,41979,UnderReview,2025-06-24
CLM180,8661,Rejected,2025-12-04
CLM181,55778,Approved,2025-08-26
CLM182,46072,Rejected,2025-08-09
CLM183,57502,Rejected,2025-12-19
CLM184,26989,Rejected,2025-08-10
CLM185,10938,Approved,2025-10-28
CLM186,57840,UnderReview,2025-12-10
CLM187,39546,UnderReview,2025-01-15
CLM188,38672,Rejected,2025-07-23
CLM189,59511,Rejected,2025-05-04
CLM190,22356,Approved,2025-11-07
CLM191,31011,Rejected,2025-11-24
CLM192,51523,UnderReview,2025-10-04
CLM193,58130,Approved,2025-03-05
CLM194,7217,UnderReview,2025-12-21
CLM195,43584,UnderReview,2025-02-03
CLM196,58075,Rejected,2025-12-25
CLM197,23415,Rejected,2025-11-13
CLM198,6947,UnderReview,2025-03-24
CLM199,42248,UnderReview,2025-11-17
CLM200,33708,Rejected,2025-06-28
CLM201,56075,Approved,2025-09-27
CLM202,12111,Rejected,2025-01-25
CLM203,17288,Rejected,2025-07-17
CLM204,33832,UnderReview,2025-12-17
CLM205,58361,Approved,2025-02-22
CLM206,17652,Approved,2025-11-03
CLM207,11294,Approved,2025-11-01
CLM208,2340,Approved,2025-10-03
CLM209,28208,Rejected,2025-02-20
CLM210,24844,Approved,2025-11-22
CLM211,30010,Approved,2025-05-10
CLM212,8425,UnderReview,2025-11-13
CLM213,21219,Rejected,2025-06-10
CLM214,3604,Approved,2025-10-02
CLM215,34581,Rejected,2025-01-08
CLM216,14257,Rejected,2025-06-23
CLM217,29972,Approved,2025-09-02
CLM218,43871,Rejected,2025-12-22
CLM219,36505,Approved,2025-10-06
CLM220,33588,Approved,2025-05-21
CLM221,50504,UnderReview,2025-04-29
CLM222,29154,Rejected,2025-06-29
CLM223,47928,UnderReview,2025-02-05
CLM224,52293,UnderReview,2025-04-13
CLM225,30948,UnderReview,2025-08-26
CLM226,48830,Rejected,2025-08-03
CLM227,3540,UnderReview,2025-08-27
CLM228,42621,Rejected,2025-07-24
CLM229,53890,Rejected,2025-03-30
CLM230,10511,Approved,2025-07-10
CLM231,31619,Approved,2025-08-18
CLM232,26183,Approved,2025-10-08
CLM233,14470,Approved,2025-10-04
CLM234,34582,UnderReview,2025-07-29
CLM235,41776,UnderReview,2025-08-05
CLM236,38689,Approved,2025-10-01
CLM237,9764,UnderReview,2025-07-05
CLM238,38153,Approved,2025-03-25
CLM239,34269,Rejected,2025-04-03
CLM240,59114,UnderReview,2025-09-12
CLM241,33846,Rejected,2025-04-24
CLM242,8379,UnderReview,2025-07-10
CLM243,44162,UnderReview,2025-11-26
CLM244,39585,UnderReview,2025-06-04
CLM245,35012,Rejected,2025-01-16
CLM246,2591,UnderReview,2025-03-12
CLM247,45524,Rejected,2025-09-21
CLM248,37074,UnderReview,2025-03-23
CLM249,9066,Rejected,2025-09-15
CLM250,1163,Approved,2025-06-26
CLM251,53225,Rejected,2025-03-22
CLM252,53078,UnderReview,2025-07-28
CLM253,44252,UnderReview,2025-09-23
CLM254,31267,UnderReview,2025-10-04
CLM255,53428,UnderReview,2025-04-22
CLM256,6830,Rejected,2025-04-16
CLM257,9978,Approved,2025-04-22
CLM258,7326,UnderReview,2025-02-09
CLM259,28301,Rejected,2025-10-20
CLM260,15414,UnderReview,2025-03-11
CLM261,12205,Rejected,2025-02-28
CLM262,20669,Approved,2025-07-26
CLM263,43833,UnderReview,2025-01-27
CLM264,50795,Rejected,2025-05-01
CLM265,43525,UnderReview,2025-02-22
CLM266,47965,Rejected,2025-03-11
CLM267,35125,UnderReview,2025-12-01
CLM268,18012,Rejected,2025-12-23
CLM269,16664,Approved,2025-07-12
CLM270,33707,UnderReview,2025-05-15
CLM271,31303,Approved,2025-11-16
CLM272,3604,Approved,2025-11-05
CLM273,6528,Rejected,2025-05-20
CLM274,3573,Approved,2025-06-06
CLM275,49938,Rejected,2025-07-08
CLM276,34269,Approved,2025-06-20
CLM277,14628,UnderReview,2025-11-16
CLM278,47903,Rejected,2025-10-05
CLM279,42239,Rejected,2025-08-22
CLM280,41086,Rejected,2025-04-18
CLM281,58765,UnderReview,2025-01-23
CLM282,45498,Approved,2025-04-10
CLM283,37782,UnderReview,2025-10-22
CLM284,38178,Rejected,2025-05-11
CLM285,57897,Rejected,2025-12-16
CLM286,53756,UnderReview,2025-10-18
CLM287,30566,UnderReview,2025-03-22
CLM288,18751,UnderReview,2025-11-02
CLM289,15193,UnderReview,2025-07-04
CLM290,17872,Approved,2025-01-16
CLM291,44671,UnderReview,2025-06-24
CLM292,6551,Approved,2025-08-23
CLM293,29828,Approved,2025-08-19
CLM294,44536,Approved,2025-06-07
CLM295,8552,Rejected,2025-04-07
CLM296,22792,Rejected,2025-07-18
CLM297,37813,UnderReview,2025-03-09
CLM298,4487,Rejected,2025-01-14
CLM299,49523,Rejected,2025-10-15
CLM300,52549,UnderReview,2025-12-18
