policyholderId,name,contactEmail,tenureYears
PH001,Ananya Nair,ananya.nair1@example.com,24
PH002,Thomas Haddad,thomas.haddad2@example.com,11
PH003,Ananya Iyer,ananya.iyer3@example.com,1
PH004,Lucas O'Brien,lucas.obrien4@example.com,5
PH005,James Al-Sayed,james.alsayed5@example.com,21
PH006,Arjun Johansson,arjun.johansson6@example.com,21
PH007,David Nair,david.nair7@example.com,19
PH008,Wei Haddad,wei.haddad8@example.com,11
PH009,Aisha Silva,aisha.silva9@example.com,21
PH010,Sofia Kobayashi,sofia.kobayashi10@example.com,2
PH011,Noah Fischer,noah.fischer11@example.com,18
PH012,Thomas Zhang,thomas.zhang12@example.com,6
PH013,Miguel Chen,miguel.chen13@example.com,4
PH014,David Farouk,david.farouk14@example.com,4
PH015,Lucas Zhang,lucas.zhang15@example.com,18
PH016,Hana Mehta,hana.mehta16@example.com,3
PH017,Olivia Farouk,olivia.farouk17@example.com,18
PH018,Priya O'Brien,priya.obrien18@example.com,2
PH019,Noah Novak,noah.novak19@example.com,16
PH020,Meera Weber,meera.weber20@example.com,5
PH021,Lucas Sharma,lucas.sharma21@example.com,6
PH022,David Novak,david.novak22@example.com,13
PH023,David Iyer,david.iyer23@example.com,15
PH024,Lucas Nair,lucas.nair24@example.com,20
PH025,Noah Al-Sayed,noah.alsayed25@example.com,2
PH026,Meera Al-Sayed,meera.alsayed26@example.com,1
PH027,Meera Weber,meera.weber27@example.com,4
PH028,Fatima Costa,fatima.costa28@example.com,20
PH029,Grace Kobayashi,grace.kobayashi29@example.com,21
PH030,Grace Costa,grace.costa30@example.com,18
PH031,Priya Kobayashi,priya.kobayashi31@example.com,10
PH032,Ananya Rao,ananya.rao32@example.com,24
PH033,Isabella Sharma,isabella.sharma33@example.com,21
PH034,Ravi Rao,ravi.rao34@example.com,19
PH035,Ananya Zhang,ananya.zhang35@example.com,1
PH036,Priya Costa,priya.costa36@example.com,15
PH037,James Al-Sayed,james.alsayed37@example.com,7
PH038,Miguel Weber,miguel.weber38@example.com,19
PH039,Fatima Farouk,fatima.farouk39@example.com,21
PH040,Sofia O'Brien,sofia.obrien40@example.com,19
PH041,Lucas Al-Sayed,lucas.alsayed41@example.com,21
PH042,Ananya Kobayashi,ananya.kobayashi42@example.com,23
PH043,Priya Silva,priya.silva43@example.com,13
PH044,Arjun Novak,arjun.novak44@example.com,6
PH045,Thomas Al-Sayed,thomas.alsayed45@example.com,6
PH046,Priya Weber,priya.weber46@example.com,8
PH047,Miguel Al-Sayed,miguel.alsayed47@example.com,24
PH048,Priya Chen,priya.chen48@example.com,13
PH049,Ravi Weber,ravi.weber49@example.com,17
PH050,Ravi Weber,ravi.weber50@example.com,16
PH051,Priya Costa,priya.costa51@example.com,1
PH052,Fatima Rossi,fatima.rossi52@example.com,19
PH053,Fatima Haddad,fatima.haddad53@example.com,8
PH054,Grace Al-Sayed,grace.alsayed54@example.com,2
PH055,Isabella Chen,isabella.chen55@example.com,13
PH056,Priya Haddad,priya.haddad56@example.com,20
PH057,Aisha Fischer,aisha.fischer57@example.com,9
PH058,Fatima Sharma,fatima.sharma58@example.com,5
PH059,Ravi Johansson,ravi.johansson59@example.com,2
PH060,Miguel Silva,miguel.silva60@example.com,15
PH061,Ananya Silva,ananya.silva61@example.com,18
PH062,Wei Kobayashi,wei.kobayashi62@example.com,1
PH063,Wei Johansson,wei.johansson63@example.com,17
PH064,Noah Chen,noah.chen64@example.com,23
PH065,Lucas Silva,lucas.silva65@example.com,6
PH066,Isabella O'Brien,isabella.obrien66@example.com,10
PH067,David Rossi,david.rossi67@example.com,1
PH068,Fatima Fischer,fatima.fischer68@example.com,11
PH069,James Weber,james.weber69@example.com,18
PH070,Isabella O'Brien,isabella.obrien70@example.com,12
PH071,Thomas Al-Sayed,thomas.alsayed71@example.com,9
PH072,James Mehta,james.mehta72@example.com,11
PH073,Isabella Fischer,isabella.fischer73@example.com,14
PH074,Ravi Nair,ravi.nair74@example.com,20
PH075,Thomas Iyer,thomas.iyer75@example.com,19
PH076,Olivia Silva,olivia.silva76@example.com,4
PH077,Miguel Mehta,miguel.mehta77@example.com,5
PH078,Hana Rossi,hana.rossi78@example.com,19
PH079,Thomas Nair,thomas.nair79@example.com,8
PH080,James Sharma,james.sharma80@example.com,24
PH081,Olivia Lindqvist,olivia.lindqvist81@example.com,5
PH082,Meera Weber,meera.weber82@example.com,24
PH083,David Mehta,david.mehta83@example.com,5
PH084,Priya Rao,priya.rao84@example.com,10
PH085,Aisha Fischer,aisha.fischer85@example.com,6
PH086,Priya Al-Sayed,priya.alsayed86@example.com,18
PH087,Sofia Silva,sofia.silva87@example.com,1
PH088,Sofia Novak,sofia.novak88@example.com,20
PH089,David Iyer,david.iyer89@example.com,14
PH090,James Farouk,james.farouk90@example.com,18
PH091,Thomas Al-Sayed,thomas.alsayed91@example.com,14
PH092,Olivia Weber,olivia.weber92@example.com,22
PH093,Lucas Sharma,lucas.sharma93@example.com,7
PH094,James Sharma,james.sharma94@example.com,22
PH095,Arjun Costa,arjun.costa95@example.com,9
PH096,Hana Mehta,hana.mehta96@example.com,16
PH097,David Fischer,david.fischer97@example.com,25
PH098,Wei Farouk,wei.farouk98@example.com,21
PH099,Miguel Chen,miguel.chen99@example.com,13
PH100,Arjun Sharma,arjun.sharma100@example.com,22
PH101,Lucas Haddad,lucas.haddad101@example.com,4
PH102,Arjun Zhang,arjun.zhang102@example.com,22
PH103,Grace Iyer,grace.iyer103@example.com,20
PH104,David Rossi,david.rossi104@example.com,1
PH105,Isabella Chen,isabella.chen105@example.com,18
PH106,Ravi Nair,ravi.nair106@example.com,9
PH107,Miguel O'Brien,miguel.obrien107@example.com,25
PH108,David Zhang,david.zhang108@example.com,4
PH109,Isabella Al-Sayed,isabella.alsayed109@example.com,3
PH110,Arjun Farouk,arjun.farouk110@example.com,14
PH111,Miguel Iyer,miguel.iyer111@example.com,25
PH112,Priya Mehta,priya.mehta112@example.com,12
PH113,Miguel Rao,miguel.rao113@example.com,12
PH114,Olivia O'Brien,olivia.obrien114@example.com,8
PH115,Wei Rao,wei.rao115@example.com,3
PH116,James Fischer,james.fischer116@example.com,8
PH117,Fatima Haddad,fatima.haddad117@example.com,17
PH118,Ravi Chen,ravi.chen118@example.com,4
PH119,Sofia Silva,sofia.silva119@example.com,20
PH120,Miguel Al-Sayed,miguel.alsayed120@example.com,7
PH121,Ravi Johansson,ravi.johansson121@example.com,23
PH122,James Nair,james.nair122@example.com,8
PH123,Aisha Rao,aisha.rao123@example.com,7
PH124,David Silva,david.silva124@example.com,13
PH125,Miguel Novak,miguel.novak125@example.com,11
PH126,Thomas Farouk,thomas.farouk126@example.com,23
PH127,James Mehta,james.mehta127@example.com,8
PH128,James Silva,james.silva128@example.com,19
PH129,Lucas Costa,lucas.costa129@example.com,16
PH130,Fatima Chen,fatima.chen130@example.com,8
PH131,Grace Zhang,grace.zhang131@example.com,17
PH132,Miguel Silva,miguel.silva132@example.com,16
PH133,Grace Iyer,grace.iyer133@example.com,24
PH134,David Lindqvist,david.lindqvist134@example.com,13
PH135,Thomas Sharma,thomas.sharma135@example.com,5
PH136,Ananya Nair,ananya.nair136@example.com,10
PH137,Olivia Nair,olivia.nair137@example.com,5
PH138,James Lindqvist,james.lindqvist138@example.com,5
PH139,Aisha Weber,aisha.weber139@example.com,24
PH140,Priya Kobayashi,priya.kobayashi140@example.com,18
PH141,Isabella Farouk,isabella.farouk141@example.com,13
PH142,Fatima Sharma,fatima.sharma142@example.com,20
PH143,Priya Lindqvist,priya.lindqvist143@example.com,23
PH144,Noah Al-Sayed,noah.alsayed144@example.com,22
PH145,Priya Al-Sayed,priya.alsayed145@example.com,10
PH146,Isabella Chen,isabella.chen146@example.com,10
PH147,Karim Weber,karim.weber147@example.com,22
PH148,Lucas Zhang,lucas.zhang148@example.com,19
PH149,Isabella Rossi,isabella.rossi149@example.com,23
PH150,Olivia O'Brien,olivia.obrien150@example.com,1
PH151,Grace Sharma,grace.sharma151@example.com,5
PH152,Karim Mehta,karim.mehta152@example.com,4
PH153,Hana Mehta,hana.mehta153@example.com,2
PH154,Fatima Al-Sayed,fatima.alsayed154@example.com,23
PH155,Sofia Johansson,sofia.johansson155@example.com,12
PH156,Miguel O'Brien,miguel.obrien156@example.com,20
PH157,Fatima Novak,fatima.novak157@example.com,14
PH158,Isabella Costa,isabella.costa158@example.com,19
PH159,Wei Johansson,wei.johansson159@example.com,15
PH160,Sofia Chen,sofia.chen160@example.com,5
PH161,James Iyer,james.iyer161@example.com,1
PH162,Arjun Novak,arjun.novak162@example.com,7
PH163,Grace Farouk,grace.farouk163@example.com,3
PH164,Karim Johansson,karim.johansson164@example.com,14
PH165,Olivia Rao,olivia.rao165@example.com,6
PH166,Thomas Al-Sayed,thomas.alsayed166@example.com,23
PH167,Thomas Costa,thomas.costa167@example.com,20
PH168,Wei Costa,wei.costa168@example.com,18
PH169,David Rao,david.rao169@example.com,25
PH170,Priya Rossi,priya.rossi170@example.com,24
PH171,Aisha Al-Sayed,aisha.alsayed171@example.com,9
PH172,Aisha Fischer,aisha.fischer172@example.com,25
PH173,Miguel Novak,miguel.novak173@example.com,3
PH174,Thomas Chen,thomas.chen174@example.com,13
PH175,Miguel Al-Sayed,miguel.alsayed175@example.com,18
PH176,Ravi Johansson,ravi.johansson176@example.com,7
PH177,Meera Al-Sayed,meera.alsayed177@example.com,23
PH178,Isabella Fischer,isabella.fischer178@example.com,24
PH179,Hana Chen,hana.chen179@example.com,22
PH180,Wei Silva,wei.silva180@example.com,20
PH181,Karim Farouk,karim.farouk181@example.com,14
PH182,Wei Al-Sayed,wei.alsayed182@example.com,2
PH183,Grace Costa,grace.costa183@example.com,22
PH184,James Al-Sayed,james.alsayed184@example.com,19
PH185,Thomas Johansson,thomas.johansson185@example.com,9
PH186,Olivia Costa,olivia.costa186@example.com,1
PH187,Isabella O'Brien,isabella.obrien187@example.com,11
PH188,Meera Fischer,meera.fischer188@example.com,25
PH189,Lucas Haddad,lucas.haddad189@example.com,16
PH190,Olivia Lindqvist,olivia.lindqvist190@example.com,16
PH191,Grace O'Brien,grace.obrien191@example.com,9
PH192,Isabella Johansson,isabella.johansson192@example.com,4
PH193,Fatima Weber,fatima.weber193@example.com,7
PH194,Fatima Weber,fatima.weber194@example.com,16
PH195,Aisha Weber,aisha.weber195@example.com,18
PH196,Olivia O'Brien,olivia.obrien196@example.com,19
PH197,Karim Mehta,karim.mehta197@example.com,11
PH198,Olivia Zhang,olivia.zhang198@example.com,1
PH199,Lucas Johansson,lucas.johansson199@example.com,15
PH200,Fatima Iyer,fatima.iyer200@example.com,6
PH201,Karim Silva,karim.silva201@example.com,20
PH202,Meera Iyer,meera.iyer202@example.com,13
PH203,Grace Rao,grace.rao203@example.com,16
PH204,James Johansson,james.johansson204@example.com,5
PH205,Wei Lindqvist,wei.lindqvist205@example.com,17
PH206,Ravi Lindqvist,ravi.lindqvist206@example.com,6
PH207,Karim Novak,karim.novak207@example.com,22
PH208,Isabella Farouk,isabella.farouk208@example.com,9
PH209,Grace Zhang,grace.zhang209@example.com,5
PH210,Olivia Rao,olivia.rao210@example.com,24
PH211,Thomas Costa,thomas.costa211@example.com,15
PH212,Ravi Farouk,ravi.farouk212@example.com,6
PH213,Grace Chen,grace.chen213@example.com,16
PH214,Meera Lindqvist,meera.lindqvist214@example.com,5
PH215,Ravi Mehta,ravi.mehta215@example.com,9
PH216,Arjun Fischer,arjun.fischer216@example.com,20
PH217,Ananya O'Brien,ananya.obrien217@example.com,9
PH218,Priya O'Brien,priya.obrien218@example.com,2
PH219,Ravi Farouk,ravi.farouk219@example.com,11
PH220,Ravi Johansson,ravi.johansson220@example.com,6
PH221,Priya Farouk,priya.farouk221@example.com,20
PH222,Aisha Kobayashi,aisha.kobayashi222@example.com,25
PH223,Thomas Fischer,thomas.fischer223@example.com,23
PH224,Karim Costa,karim.costa224@example.com,18
PH225,Grace Kobayashi,grace.kobayashi225@example.com,5
PH226,Hana Costa,hana.costa226@example.com,8
PH227,David Lindqvist,david.lindqvist227@example.com,21
PH228,Lucas Rossi,lucas.rossi228@example.com,11
PH229,Miguel Iyer,miguel.iyer229@example.com,16
PH230,David Al-Sayed,david.alsayed230@example.com,16
PH231,Lucas Fischer,lucas.fischer231@example.com,24
PH232,Sofia Novak,sofia.novak232@example.com,5
PH233,Noah Zhang,noah.zhang233@example.com,15
PH234,Aisha Johansson,aisha.johansson234@example.com,10
PH235,Meera Silva,meera.silva235@example.com,20
PH236,David Costa,david.costa236@example.com,4
PH237,Lucas Sharma,lucas.sharma237@example.com,7
PH238,Noah Weber,noah.weber238@example.com,7
PH239,Sofia Rossi,sofia.rossi239@example.com,14
PH240,Noah Mehta,noah.mehta240@example.com,22
PH241,Ravi Weber,ravi.weber241@example.com,20
PH242,Priya Nair,priya.nair242@example.com,18
PH243,Wei Sharma,wei.sharma243@example.com,22
PH244,Karim Al-Sayed,karim.alsayed244@example.com,1
PH245,Wei Kobayashi,wei.kobayashi245@example.com,1
PH246,Fatima Farouk,fatima.farouk246@example.com,18
PH247,Hana Mehta,hana.mehta247@example.com,10
PH248,Olivia Lindqvist,olivia.lindqvist248@example.com,9
PH249,Wei Haddad,wei.haddad249@example.com,23
PH250,Aisha Iyer,aisha.iyer250@example.com,10
PH251,David Kobayashi,david.kobayashi251@example.com,3
PH252,Fatima Novak,fatima.novak252@example.com,22
PH253,Meera Kobayashi,meera.kobayashi253@example.com,14
PH254,Isabella Haddad,isabella.haddad254@example.com,18
PH255,Ravi Johansson,ravi.johansson255@example.com,11
PH256,Noah Iyer,noah.iyer256@example.com,21
PH257,Miguel Costa,miguel.costa257@example.com,19
PH258,Grace Rossi,grace.rossi258@example.com,5
PH259,Aisha Al-Sayed,aisha.alsayed259@example.com,20
PH260,Wei O'Brien,wei.obrien260@example.com,25
PH261,Noah Al-Sayed,noah.alsayed261@example.com,19
PH262,Meera Rossi,meera.rossi262@example.com,13
PH263,Priya Nair,priya.nair263@example.com,6
PH264,Ravi Silva,ravi.silva264@example.com,1
PH265,James Zhang,james.zhang265@example.com,16
PH266,Aisha Fischer,aisha.fischer266@example.com,7
PH267,Thomas Novak,thomas.novak267@example.com,13
PH268,James Farouk,james.farouk268@example.com,14
PH269,Miguel Mehta,miguel.mehta269@example.com,5
PH270,Noah Novak,noah.novak270@example.com,12
PH271,Arjun Kobayashi,arjun.kobayashi271@example.com,13
PH272,Lucas Al-Sayed,lucas.alsayed272@example.com,10
PH273,David Lindqvist,david.lindqvist273@example.com,12
PH274,Sofia Novak,sofia.novak274@example.com,6
PH275,Noah Lindqvist,noah.lindqvist275@example.com,1
PH276,Ravi Zhang,ravi.zhang276@example.com,10
PH277,Wei Al-Sayed,wei.alsayed277@example.com,14
PH278,Hana Rao,hana.rao278@example.com,4
PH279,Aisha Kobayashi,aisha.kobayashi279@example.com,9
PH280,Noah Fischer,noah.fischer280@example.com,23
PH281,Sofia O'Brien,sofia.obrien281@example.com,4
PH282,Meera Haddad,meera.haddad282@example.com,17
PH283,Priya Zhang,priya.zhang283@example.com,10
PH284,James Rao,james.rao284@example.com,14
PH285,Sofia Farouk,sofia.farouk285@example.com,23
PH286,Ravi Johansson,ravi.johansson286@example.com,4
PH287,Noah Silva,noah.silva287@example.com,16
PH288,Hana Novak,hana.novak288@example.com,17
PH289,Thomas Johansson,thomas.johansson289@example.com,12
PH290,Miguel Rossi,miguel.rossi290@example.com,21
PH291,Aisha Nair,aisha.nair291@example.com,20
PH292,James Johansson,james.johansson292@example.com,16
PH293,Isabella Mehta,isabella.mehta293@example.com,12
PH294,Karim Al-Sayed,karim.alsayed294@example.com,7
PH295,James Zhang,james.zhang295@example.com,3
PH296,Meera Costa,meera.costa296@example.com,24
PH297,Arjun Lindqvist,arjun.lindqvist297@example.com,25
PH298,Grace Nair,grace.nair298@example.com,9
PH299,Isabella Weber,isabella.weber299@example.com,23
PH300,Grace Mehta,grace.mehta300@example.com,23
