requestId,policyholderId,requestType,openedDate,status
SR001,PH122,PolicyDocumentRequest,2025-12-11,InProgress
SR002,PH280,AddressChange,2025-12-27,Resolved
SR003,PH168,AddressChange,2025-08-30,InProgress
SR004,PH019,BillingDispute,2025-11-02,InProgress
SR005,PH294,BillingDispute,2025-05-30,Open
SR006,PH261,BillingDispute,2025-01-09,Open
SR007,PH256,AddressChange,2025-01-19,Open
SR008,PH202,BeneficiaryUpdate,2025-05-20,Open
SR009,PH043,BeneficiaryUpdate,2025-03-14,Open
SR010,PH178,CoverageInquiry,2025-06-23,Resolved
SR011,PH234,PolicyDocumentRequest,2025-03-04,Open
SR012,PH098,PolicyDocumentRequest,2025-08-28,InProgress
SR013,PH048,CoverageInquiry,2025-03-11,Resolved
SR014,PH079,AddressChange,2025-06-04,Resolved
SR015,PH175,PolicyDocumentRequest,2025-06-08,InProgress
SR016,PH184,BeneficiaryUpdate,2025-05-02,InProgress
SR017,PH119,BeneficiaryUpdate,2025-12-05,Resolved
SR018,PH251,BillingDispute,2025-06-02,InProgress
SR019,PH173,BeneficiaryUpdate,2025-10-02,InProgress
SR020,PH242,AddressChange,2025-06-08,Open
SR021,PH140,CoverageInquiry,2025-01-11,Resolved
SR022,PH172,AddressChange,2025-05-07,Open
SR023,PH212,BillingDispute,2025-04-26,InProgress
SR024,PH178,AddressChange,2025-08-02,InProgress
SR025,PH079,BillingDispute,2025-07-18,InProgress
SR026,PH064,AddressChange,2025-08-03,Resolved
SR027,PH211,AddressChange,2025-05-22,InProgress
SR028,PH048,BeneficiaryUpdate,2025-09-18,InProgress
SR029,PH066,CoverageInquiry,2025-08-12,Resolved
SR030,PH028,CoverageInquiry,2025-12-18,Open
SR031,PH036,AddressChange,2025-11-04,Resolved
SR032,PH146,CoverageInquiry,2025-08-23,Resolved
SR033,PH276,CoverageInquiry,2025-04-10,InProgress
SR034,PH046,CoverageInquiry,2025-01-07,InProgress
SR035,PH160,PolicyDocumentRequest,2025-09-05,Open
SR036,PH039,BeneficiaryUpdate,2025-01-23,Resolved
SR037,PH204,BeneficiaryUpdate,2025-08-30,Resolved
SR038,PH022,BeneficiaryUpdate,2025-08-26,Resolved
SR039,PH269,BeneficiaryUpdate,2025-07-01,Open
SR040,PH170,BeneficiaryUpdate,2025-10-05,InProgress
SR041,PH081,BeneficiaryUpdate,2025-11-04,Open
SR042,PH029,PolicyDocumentRequest,2025-01-19,Open
SR043,PH136,CoverageInquiry,2025-12-12,Open
SR044,PH135,BillingDispute,2025-07-17,Open
SR045,PH284,CoverageInquiry,2025-12-12,Open
SR046,PH035,CoverageInquiry,2025-09-08,Open
SR047,PH084,AddressChange,2025-06-23,Open
SR048,PH109,CoverageInquiry,2025-07-24,Open
SR049,PH005,BillingDispute,2025-05-28,InProgress
SR050,PH059,BillingDispute,2025-11-18,Resolved
SR051,PH060,BeneficiaryUpdate,2025-10-03,Resolved
SR052,PH298,BeneficiaryUpdate,2025-11-09,Resolved
SR053,PH059,AddressChange,2025-05-23,Resolved
SR054,PH182,AddressChange,2025-08-26,Resolved
SR055,PH267,AddressChange,2025-01-08,Open
SR056,PH067,BeneficiaryUpdate,2025-11-27,InProgress
SR057,PH216,PolicyDocumentRequest,2025-12-04,InProgress
SR058,PH271,AddressChange,2025-07-10,InProgress
SR059,PH276,AddressChange,2025-10-22,Resolved
SR060,PH078,PolicyDocumentRequest,2025-10-26,Resolved
SR061,PH228,CoverageInquiry,2025-08-01,InProgress
SR062,PH019,PolicyDocumentRequest,2025-03-17,Resolved
SR063,PH244,CoverageInquiry,2025-12-15,Resolved
SR064,PH158,CoverageInquiry,2025-08-12,InProgress
SR065,PH127,AddressChange,2025-05-20,Open
SR066,PH250,AddressChange,2025-03-10,Open
SR067,PH068,AddressChange,2025-06-29,Open
SR068,PH233,AddressChange,2025-07-08,Open
SR069,PH033,PolicyDocumentRequest,2025-09-08,InProgress
SR070,PH136,BeneficiaryUpdate,2025-09-18,InProgress
SR071,PH132,CoverageInquiry,2025-06-16,Resolved
SR072,PH208,AddressChange,2025-01-23,InProgress
SR073,PH107,CoverageInquiry,2025-10-10,Open
SR074,PH017,CoverageInquiry,2025-09-30,Open
SR075,PH123,BeneficiaryUpdate,2025-07-17,InProgress
SR076,PH141,PolicyDocumentRequest,2025-10-20,InProgress
SR077,PH268,BillingDispute,2025-01-12,Resolved
SR078,PH059,CoverageInquiry,2025-01-17,InProgress
SR079,PH039,PolicyDocumentRequest,2025-08-15,InProgress
SR080,PH167,CoverageInquiry,2025-07-13,Resolved
SR081,PH217,BillingDispute,2025-11-26,Open
SR082,PH065,AddressChange,2025-07-04,InProgress
SR083,PH086,AddressChange,2025-07-09,Open
SR084,PH206,AddressChange,2025-02-27,Open
SR085,PH073,AddressChange,2025-06-04,Open
SR086,PH011,BeneficiaryUpdate,2025-09-24,InProgress
SR087,PH212,PolicyDocumentRequest,2025-04-26,Resolved
SR088,PH231,BillingDispute,2025-11-03,InProgress
SR089,PH223,BillingDispute,2025-07-04,InProgress
SR090,PH157,AddressChange,2025-10-05,Resolved
SR091,PH175,BeneficiaryUpdate,2025-11-06,Resolved
SR092,PH094,PolicyDocumentRequest,2025-11-22,Resolved
SR093,PH018,PolicyDocumentRequest,2025-12-13,Resolved
SR094,PH059,AddressChange,2025-11-14,Open
SR095,PH285,AddressChange,2025-05-04,Resolved
SR096,PH014,AddressChange,2025-07-20,InProgress
SR097,PH104,BeneficiaryUpdate,2025-11-12,Open
SR098,PH109,BillingDispute,2025-03-18,Open
SR099,PH173,BeneficiaryUpdate,2025-07-14,InProgress
SR100,PH250,CoverageInquiry,2025-11-07,Open
SR101,PH217,AddressChange,2025-11-29,Resolved
SR102,PH001,CoverageInquiry,2025-03-16,InProgress
SR103,PH193,PolicyDocumentRequest,2025-05-17,Resolved
SR104,PH131,BeneficiaryUpdate,2025-08-11,InProgress
SR105,PH271,BeneficiaryUpdate,2025-06-26,InProgress
SR106,PH036,PolicyDocumentRequest,2025-11-15,Open
SR107,PH119,PolicyDocumentRequest,2025-09-19,InProgress
SR108,PH134,BeneficiaryUpdate,2025-04-11,Resolved
SR109,PH085,CoverageInquiry,2025-02-24,Resolved
SR110,PH250,BillingDispute,2025-02-10,InProgress
SR111,PH284,CoverageInquiry,2025-03-24,InProgress
SR112,PH013,PolicyDocumentRequest,2025-11-17,Resolved
SR113,PH270,BeneficiaryUpdate,2025-06-05,Resolved
SR114,PH166,BillingDispute,2025-04-17,InProgress
SR115,PH176,BeneficiaryUpdate,2025-06-21,Resolved
SR116,PH291,BeneficiaryUpdate,2025-07-24,Resolved
SR117,PH218,PolicyDocumentRequest,2025-12-30,InProgress
SR118,PH242,AddressChange,2025-01-16,Open
SR119,PH012,BeneficiaryUpdate,2025-07-28,InProgress
SR120,PH218,BillingDispute,2025-11-19,Open
SR121,PH182,BillingDispute,2025-09-30,Resolved
SR122,PH167,BillingDispute,2025-02-28,Resolved
SR123,PH199,PolicyDocumentRequest,2025-11-03,Resolved
SR124,PH138,BeneficiaryUpdate,2025-12-16,Open
SR125,PH076,BeneficiaryUpdate,2025-05-15,InProgress
SR126,PH185,PolicyDocumentRequest,2025-10-07,InProgress
SR127,PH161,PolicyDocumentRequest,2025-10-04,Resolved
SR128,PH050,CoverageInquiry,2025-07-14,Resolved
SR129,PH228,BeneficiaryUpdate,2025-10-29,Open
SR130,PH158,CoverageInquiry,2025-05-28,Open
SR131,PH261,PolicyDocumentRequest,2025-03-10,InProgress
SR132,PH003,AddressChange,2025-12-10,Open
SR133,PH115,BillingDispute,2025-06-18,Resolved
SR134,PH129,BeneficiaryUpdate,2025-10-19,Resolved
SR135,PH244,PolicyDocumentRequest,2025-09-17,Open
SR136,PH279,PolicyDocumentRequest,2025-12-08,Open
SR137,PH199,BillingDispute,2025-09-26,Resolved
SR138,PH107,CoverageInquiry,2025-06-30,Resolved
SR139,PH132,BillingDispute,2025-12-24,Open
SR140,PH300,BillingDispute,2025-09-13,Open
SR141,PH041,AddressChange,2025-11-01,Resolved
SR142,PH116,CoverageInquiry,2025-10-06,Open
SR143,PH038,CoverageInquiry,2025-03-25,Resolved
SR144,PH106,AddressChange,2025-09-26,Resolved
SR145,PH154,BeneficiaryUpdate,2025-06-26,Resolved
SR146,PH190,AddressChange,2025-05-11,InProgress
SR147,PH029,CoverageInquiry,2025-12-23,Open
SR148,PH018,BeneficiaryUpdate,2025-01-25,InProgress
SR149,PH174,PolicyDocumentRequest,2025-12-08,Open
SR150,PH259,BillingDispute,2025-09-05,Resolved
SR151,PH113,CoverageInquiry,2025-05-15,Resolved
SR152,PH269,BillingDispute,2025-07-15,Open
SR153,PH118,BillingDispute,2025-06-07,InProgress
SR154,PH288,CoverageInquiry,2025-01-26,InProgress
SR155,PH083,CoverageInquiry,2025-05-17,InProgress
SR156,PH264,BeneficiaryUpdate,2025-05-31,Resolved
SR157,PH180,PolicyDocumentRequest,2025-07-24,InProgress
SR158,PH221,BeneficiaryUpdate,2025-10-26,Open
SR159,PH088,AddressChange,2025-04-11,Resolved
SR160,PH280,BeneficiaryUpdate,2025-01-14,Open
SR161,PH072,AddressChange,2025-06-20,Open
SR162,PH093,BillingDispute,2025-11-09,InProgress
SR163,PH171,AddressChange,2025-11-07,InProgress
SR164,PH125,BeneficiaryUpdate,2025-09-13,Open
SR165,PH149,AddressChange,2025-04-07,InProgress
SR166,PH219,AddressChange,2025-02-01,Open
SR167,PH281,AddressChange,2025-01-24,Resolved
SR168,PH269,BeneficiaryUpdate,2025-04-14,Resolved
SR169,PH298,BeneficiaryUpdate,2025-04-10,InProgress
SR170,PH282,BeneficiaryUpdate,2025-05-19,Open
SR171,PH210,BeneficiaryUpdate,2025-02-21,Open
SR172,PH100,AddressChange,2025-05-30,Resolved
SR173,PH170,AddressChange,2025-06-08,Resolved
SR174,PH137,BeneficiaryUpdate,2025-08-15,Open
SR175,PH092,BeneficiaryUpdate,2025-11-22,InProgress
SR176,PH168,AddressChange,2025-09-19,Resolved
SR177,PH249,CoverageInquiry,2025-10-19,Open
SR178,PH187,CoverageInquiry,2025-08-28,Open
SR179,PH044,AddressChange,2025-02-04,Resolved
SR180,PH028,PolicyDocumentRequest,2025-09-10,InProgress
SR181,PH046,BeneficiaryUpdate,2025-06-19,InProgress
SR182,PH197,AddressChange,2025-05-19,Resolved
SR183,PH058,BillingDispute,2025-12-02,Open
SR184,PH257,BillingDispute,2025-10-25,Resolved
SR185,PH202,PolicyDocumentRequest,2025-12-26,Open
SR186,PH006,CoverageInquiry,2025-01-26,Resolved
SR187,PH294,BeneficiaryUpdate,2025-11-01,Resolved
SR188,PH088,AddressChange,2025-10-13,Open
SR189,PH025,PolicyDocumentRequest,2025-03-22,InProgress
SR190,PH238,BillingDispute,2025-06-27,Resolved
SR191,PH271,BeneficiaryUpdate,2025-07-30,InProgress
SR192,PH124,PolicyDocumentRequest,2025-02-12,Open
SR193,PH212,BillingDispute,2025-10-21,InProgress
SR194,PH175,BillingDispute,2025-03-11,InProgress
SR195,PH098,PolicyDocumentRequest,2025-08-18,Open
SR196,PH208,BillingDispute,2025-12-04,Resolved
SR197,PH034,BillingDispute,2025-07-15,Open
SR198,PH264,AddressChange,2025-02-14,Open
SR199,PH153,CoverageInquiry,2025-05-12,Resolved
SR200,PH209,AddressChange,2025-10-12,Resolved
SR201,PH114,PolicyDocumentRequest,2025-05-14,Resolved
SR202,PH028,AddressChange,2025-03-08,Resolved
SR203,PH219,BillingDispute,2025-08-30,Resolved
SR204,PH135,BeneficiaryUpdate,2025-07-21,Resolved
SR205,PH118,PolicyDocumentRequest,2025-10-07,InProgress
SR206,PH186,BeneficiaryUpdate,2025-01-06,Open
SR207,PH144,PolicyDocumentRequest,2025-12-29,Resolved
SR208,PH290,PolicyDocumentRequest,2025-07-23,Resolved
SR209,PH072,AddressChange,2025-09-04,InProgress
SR210,PH267,BeneficiaryUpdate,2025-01-30,Resolved
SR211,PH139,PolicyDocumentRequest,2025-01-15,InProgress
SR212,PH210,PolicyDocumentRequest,2025-05-31,InProgress
SR213,PH126,BeneficiaryUpdate,2025-05-24,Open
SR214,PH281,BillingDispute,2025-10-21,Resolved
SR215,PH038,CoverageInquiry,2025-02-13,Resolved
SR216,PH058,BillingDispute,2025-03-06,Open
SR217,PH169,AddressChange,2025-05-12,Resolved
SR218,PH128,BeneficiaryUpdate,2025-06-22,Resolved
SR219,PH225,AddressChange,2025-01-06,Open
SR220,PH051,PolicyDocumentRequest,2025-06-21,Open
SR221,PH145,AddressChange,2025-08-01,Open
SR222,PH281,PolicyDocumentRequest,2025-02-12,Resolved
SR223,PH155,CoverageInquiry,2025-10-31,InProgress
SR224,PH057,BeneficiaryUpdate,2025-05-13,Open
SR225,PH246,AddressChange,2025-02-14,InProgress
SR226,PH005,CoverageInquiry,2025-02-27,Resolved
SR227,PH126,BeneficiaryUpdate,2025-12-19,Open
SR228,PH254,AddressChange,2025-02-23,Resolved
SR229,PH101,BeneficiaryUpdate,2025-04-23,Open
SR230,PH075,AddressChange,2025-03-22,Resolved
SR231,PH277,AddressChange,2025-09-13,InProgress
SR232,PH274,CoverageInquiry,2025-08-21,Open
SR233,PH235,BeneficiaryUpdate,2025-03-14,InProgress
SR234,PH290,PolicyDocumentRequest,2025-02-08,Open
SR235,PH126,PolicyDocumentRequest,2025-12-14,InProgress
SR236,PH050,BillingDispute,2025-01-31,Open
SR237,PH057,PolicyDocumentRequest,2025-05-19,InProgress
SR238,PH100,CoverageInquiry,2025-07-02,InProgress
SR239,PH251,PolicyDocumentRequest,2025-03-23,InProgress
SR240,PH031,PolicyDocumentRequest,2025-12-02,Resolved
SR241,PH244,BeneficiaryUpdate,2025-06-08,Resolved
SR242,PH070,BeneficiaryUpdate,2025-12-10,Open
SR243,PH195,AddressChange,2025-05-19,Open
SR244,PH203,CoverageInquiry,2025-04-12,Open
SR245,PH123,CoverageInquiry,2025-08-12,InProgress
SR246,PH183,BillingDispute,2025-04-06,InProgress
SR247,PH150,AddressChange,2025-04-05,Resolved
SR248,PH226,BeneficiaryUpdate,2025-07-05,Resolved
SR249,PH102,BillingDispute,2025-11-07,Resolved
SR250,PH144,AddressChange,2025-07-09,Open
SR251,PH043,AddressChange,2025-08-17,Resolved
SR252,PH297,BillingDispute,2025-04-11,InProgress
SR253,PH233,AddressChange,2025-02-07,Resolved
SR254,PH297,CoverageInquiry,2025-03-29,InProgress
SR255,PH224,BeneficiaryUpdate,2025-03-18,Resolved
SR256,PH225,AddressChange,2025-11-18,Resolved
SR257,PH089,BillingDispute,2025-12-11,Open
SR258,PH084,PolicyDocumentRequest,2025-05-17,Open
SR259,PH117,AddressChange,2025-01-16,Resolved
SR260,PH278,PolicyDocumentRequest,2025-08-11,Open
SR261,PH199,AddressChange,2025-09-23,Open
SR262,PH196,BillingDispute,2025-12-11,InProgress
SR263,PH232,PolicyDocumentRequest,2025-01-29,Open
SR264,PH248,PolicyDocumentRequest,2025-02-20,Resolved
SR265,PH017,AddressChange,2025-12-25,InProgress
SR266,PH290,BillingDispute,2025-04-12,Resolved
SR267,PH155,AddressChange,2025-11-25,Resolved
SR268,PH020,BeneficiaryUpdate,2025-05-27,Resolved
SR269,PH134,CoverageInquiry,2025-05-22,Resolved
SR270,PH211,AddressChange,2025-07-06,InProgress
SR271,PH092,PolicyDocumentRequest,2025-06-17,Open
SR272,PH222,CoverageInquiry,2025-02-04,Resolved
SR273,PH024,BeneficiaryUpdate,2025-08-18,Resolved
SR274,PH277,BillingDispute,2025-11-18,InProgress
SR275,PH229,BeneficiaryUpdate,2025-11-09,Open
SR276,PH087,BillingDispute,2025-10-17,Resolved
SR277,PH074,AddressChange,2025-07-08,Resolved
SR278,PH150,BeneficiaryUpdate,2025-08-13,Resolved
SR279,PH077,AddressChange,2025-06-17,InProgress
SR280,PH191,CoverageInquiry,2025-09-29,InProgress
SR281,PH252,BillingDispute,2025-02-07,InProgress
SR282,PH098,AddressChange,2025-08-21,Open
SR283,PH272,BeneficiaryUpdate,2025-12-08,Resolved
SR284,PH271,AddressChange,2025-06-25,Open
SR285,PH107,BillingDispute,2025-04-14,Open
SR286,PH131,PolicyDocumentRequest,2025-10-18,Open
SR287,PH284,BeneficiaryUpdate,2025-09-21,Resolved
SR288,PH161,BeneficiaryUpdate,2025-02-23,InProgress
SR289,PH182,PolicyDocumentRequest,2025-05-08,Open
SR290,PH296,CoverageInquiry,2025-02-05,Resolved
SR291,PH095,BeneficiaryUpdate,2025-03-07,InProgress
SR292,PH067,BillingDispute,2025-07-20,Resolved
SR293,PH237,CoverageInquiry,2025-07-27,InProgress
SR294,PH184,AddressChange,2025-12-12,InProgress
SR295,PH184,PolicyDocumentRequest,2025-07-14,Resolved
SR296,PH073,AddressChange,2025-09-22,InProgress
SR297,PH073,BillingDispute,2025-01-19,Open
SR298,PH162,PolicyDocumentRequest,2025-04-23,Open
SR299,PH089,AddressChange,2025-11-25,Resolved
SR300,PH226,BeneficiaryUpdate,2025-02-14,InProgress
